Symbol,ISIN,Trade Date,Exchange,Segment,Series,Trade Type,Auction,Quantity,Price,Trade ID,Order ID,Order Execution Time
APOLLOHOSP,INE437A01024,22-05-2023,NSE,EQ,EQ,buy,FALSE,4,4584.35,4041651,1.00E+15,2023-05-22T14:00:01
PERSISTENT,INE262H01013,22-05-2023,NSE,EQ,EQ,buy,FALSE,4,4965.95,53152571,1.20E+15,2023-05-22T14:00:01
KPITTECH,INE04I401011,22-05-2023,NSE,EQ,EQ,buy,FALSE,13,937.85,53152573,1.20E+15,2023-05-22T14:00:01
KPITTECH,INE04I401011,22-05-2023,NSE,EQ,EQ,buy,FALSE,7,937.9,53152574,1.20E+15,2023-05-22T14:00:01
MAXHEALTH,INE027H01010,22-05-2023,NSE,EQ,EQ,buy,FALSE,1,550.45,53152575,1.20E+15,2023-05-22T14:00:01
MAXHEALTH,INE027H01010,22-05-2023,NSE,EQ,EQ,buy,FALSE,35,550.45,53152576,1.20E+15,2023-05-22T14:00:01
HAL,INE066F01012,22-05-2023,NSE,EQ,EQ,buy,FALSE,6,3092,28386686,1.10E+15,2023-05-22T14:00:01
TIINDIA,INE974X01010,22-05-2023,NSE,EQ,EQ,buy,FALSE,1,2709.8,78375346,1.30E+15,2023-05-22T14:00:01
TIINDIA,INE974X01010,22-05-2023,NSE,EQ,EQ,buy,FALSE,7,2710,78375347,1.30E+15,2023-05-22T14:00:01
SCHAEFFLER,INE513A01022,22-05-2023,NSE,EQ,EQ,buy,FALSE,1,2837.75,78375348,1.30E+15,2023-05-22T14:00:01
SCHAEFFLER,INE513A01022,22-05-2023,NSE,EQ,EQ,buy,FALSE,1,2837.85,78375349,1.30E+15,2023-05-22T14:00:01
SCHAEFFLER,INE513A01022,22-05-2023,NSE,EQ,EQ,buy,FALSE,6,2837.9,78375350,1.30E+15,2023-05-22T14:00:01
SOLARINDS,INE343H01029,22-05-2023,NSE,EQ,EQ,buy,FALSE,6,3819.1,78375351,1.30E+15,2023-05-22T14:00:01
NIFTYBEES,INF204KB14I2,23-05-2023,NSE,EQ,EQ,buy,FALSE,100,201.1,50093494,1.20E+15,2023-05-23T09:16:52
KPITTECH,INE04I401011,01-06-2023,NSE,EQ,EQ,buy,FALSE,9,1104.85,53433714,1.20E+15,2023-06-01T14:00:01
HAL,INE066F01012,01-06-2023,NSE,EQ,EQ,buy,FALSE,6,3082,28901915,1.10E+15,2023-06-01T14:00:01
APOLLOHOSP,INE437A01024,01-06-2023,NSE,EQ,EQ,buy,FALSE,1,4821,3212984,1.00E+15,2023-06-01T14:00:01
HAL,INE066F01012,01-06-2023,NSE,EQ,EQ,buy,FALSE,1,3082,28901914,1.10E+15,2023-06-01T14:00:01
KPITTECH,INE04I401011,01-06-2023,NSE,EQ,EQ,buy,FALSE,10,1104.85,53433715,1.20E+15,2023-06-01T14:00:01
PERSISTENT,INE262H01013,01-06-2023,NSE,EQ,EQ,buy,FALSE,4,5170,53433717,1.20E+15,2023-06-01T14:00:01
MAXHEALTH,INE027H01010,01-06-2023,NSE,EQ,EQ,buy,FALSE,37,539.85,53433724,1.20E+15,2023-06-01T14:00:01
NIFTYBEES,INF204KB14I2,01-06-2023,NSE,EQ,EQ,buy,FALSE,100,203.17,53433726,1.20E+15,2023-06-01T14:00:01
APOLLOHOSP,INE437A01024,01-06-2023,NSE,EQ,EQ,buy,FALSE,3,4821.2,3212985,1.00E+15,2023-06-01T14:00:01
TIINDIA,INE974X01010,01-06-2023,NSE,EQ,EQ,buy,FALSE,4,2898.85,78711365,1.30E+15,2023-06-01T14:00:01
TIINDIA,INE974X01010,01-06-2023,NSE,EQ,EQ,buy,FALSE,1,2898.85,78711366,1.30E+15,2023-06-01T14:00:01
TIINDIA,INE974X01010,01-06-2023,NSE,EQ,EQ,buy,FALSE,2,2898.85,78711367,1.30E+15,2023-06-01T14:00:01
SCHAEFFLER,INE513A01022,01-06-2023,NSE,EQ,EQ,buy,FALSE,1,2955.6,78711368,1.30E+15,2023-06-01T14:00:01
SCHAEFFLER,INE513A01022,01-06-2023,NSE,EQ,EQ,buy,FALSE,1,2955.65,78711369,1.30E+15,2023-06-01T14:00:01
SCHAEFFLER,INE513A01022,01-06-2023,NSE,EQ,EQ,buy,FALSE,5,2955.65,78711370,1.30E+15,2023-06-01T14:00:01
SOLARINDS,INE343H01029,01-06-2023,NSE,EQ,EQ,buy,FALSE,5,3765,78711372,1.30E+15,2023-06-01T14:00:01
APOLLOHOSP,INE437A01024,08-06-2023,NSE,EQ,EQ,buy,FALSE,4,4933.55,2842167,1.00E+15,2023-06-08T14:00:01
HAL,INE066F01012,08-06-2023,NSE,EQ,EQ,buy,FALSE,6,3514.1,28734729,1.10E+15,2023-06-08T14:00:01
KPITTECH,INE04I401011,08-06-2023,NSE,EQ,EQ,buy,FALSE,17,1136.85,53743058,1.20E+15,2023-06-08T14:00:01
PERSISTENT,INE262H01013,08-06-2023,NSE,EQ,EQ,buy,FALSE,1,4943.4,53743059,1.20E+15,2023-06-08T14:00:01
PERSISTENT,INE262H01013,08-06-2023,NSE,EQ,EQ,buy,FALSE,3,4943.4,53743060,1.20E+15,2023-06-08T14:00:01
MAXHEALTH,INE027H01010,08-06-2023,NSE,EQ,EQ,buy,FALSE,4,557.7,53743062,1.20E+15,2023-06-08T14:00:01
MAXHEALTH,INE027H01010,08-06-2023,NSE,EQ,EQ,buy,FALSE,32,557.75,53743063,1.20E+15,2023-06-08T14:00:01
NIFTYBEES,INF204KB14I2,08-06-2023,NSE,EQ,EQ,buy,FALSE,98,205.25,53743064,1.20E+15,2023-06-08T14:00:01
TIINDIA,INE974X01010,08-06-2023,NSE,EQ,EQ,buy,FALSE,3,2857.15,79426675,1.30E+15,2023-06-08T14:00:01
TIINDIA,INE974X01010,08-06-2023,NSE,EQ,EQ,buy,FALSE,4,2857.2,79426676,1.30E+15,2023-06-08T14:00:01
SCHAEFFLER,INE513A01022,08-06-2023,NSE,EQ,EQ,buy,FALSE,4,3195,79426677,1.30E+15,2023-06-08T14:00:01
SCHAEFFLER,INE513A01022,08-06-2023,NSE,EQ,EQ,buy,FALSE,2,3195,79426678,1.30E+15,2023-06-08T14:00:01
SOLARINDS,INE343H01029,08-06-2023,NSE,EQ,EQ,buy,FALSE,5,3877.95,79426679,1.30E+15,2023-06-08T14:00:01
APOLLOHOSP,INE437A01024,15-06-2023,NSE,EQ,EQ,buy,FALSE,4,5178.65,3154818,1.00E+15,2023-06-15T14:00:01
HAL,INE066F01012,15-06-2023,NSE,EQ,EQ,buy,FALSE,6,3700,29407675,1.10E+15,2023-06-15T14:00:01
KPITTECH,INE04I401011,15-06-2023,NSE,EQ,EQ,buy,FALSE,17,1065.4,53896712,1.20E+15,2023-06-15T14:00:01
PERSISTENT,INE262H01013,15-06-2023,NSE,EQ,EQ,buy,FALSE,2,4990.9,53896713,1.20E+15,2023-06-15T14:00:01
PERSISTENT,INE262H01013,15-06-2023,NSE,EQ,EQ,buy,FALSE,2,4990.95,53896714,1.20E+15,2023-06-15T14:00:01
MAXHEALTH,INE027H01010,15-06-2023,NSE,EQ,EQ,buy,FALSE,1,579.5,53896723,1.20E+15,2023-06-15T14:00:01
MAXHEALTH,INE027H01010,15-06-2023,NSE,EQ,EQ,buy,FALSE,1,579.5,53896724,1.20E+15,2023-06-15T14:00:01
MAXHEALTH,INE027H01010,15-06-2023,NSE,EQ,EQ,buy,FALSE,2,579.5,53896725,1.20E+15,2023-06-15T14:00:01
MAXHEALTH,INE027H01010,15-06-2023,NSE,EQ,EQ,buy,FALSE,13,579.5,53896726,1.20E+15,2023-06-15T14:00:01
MAXHEALTH,INE027H01010,15-06-2023,NSE,EQ,EQ,buy,FALSE,2,579.5,53896727,1.20E+15,2023-06-15T14:00:01
MAXHEALTH,INE027H01010,15-06-2023,NSE,EQ,EQ,buy,FALSE,13,579.5,53896728,1.20E+15,2023-06-15T14:00:01
MAXHEALTH,INE027H01010,15-06-2023,NSE,EQ,EQ,buy,FALSE,2,579.5,53896729,1.20E+15,2023-06-15T14:00:01
MAXHEALTH,INE027H01010,15-06-2023,NSE,EQ,EQ,buy,FALSE,2,579.5,53896730,1.20E+15,2023-06-15T14:00:01
NIFTYBEES,INF204KB14I2,15-06-2023,NSE,EQ,EQ,buy,FALSE,60,205.7,53896753,1.20E+15,2023-06-15T14:00:01
NIFTYBEES,INF204KB14I2,15-06-2023,NSE,EQ,EQ,buy,FALSE,1,205.7,53896754,1.20E+15,2023-06-15T14:00:01
NIFTYBEES,INF204KB14I2,15-06-2023,NSE,EQ,EQ,buy,FALSE,37,205.73,53896755,1.20E+15,2023-06-15T14:00:01
TIINDIA,INE974X01010,15-06-2023,NSE,EQ,EQ,buy,FALSE,1,2834.5,79141559,1.30E+15,2023-06-15T14:00:01
TIINDIA,INE974X01010,15-06-2023,NSE,EQ,EQ,buy,FALSE,6,2834.55,79141560,1.30E+15,2023-06-15T14:00:01
SCHAEFFLER,INE513A01022,15-06-2023,NSE,EQ,EQ,buy,FALSE,1,3036.8,79141562,1.30E+15,2023-06-15T14:00:01
SCHAEFFLER,INE513A01022,15-06-2023,NSE,EQ,EQ,buy,FALSE,5,3036.8,79141563,1.30E+15,2023-06-15T14:00:01
SOLARINDS,INE343H01029,15-06-2023,NSE,EQ,EQ,buy,FALSE,1,3858.9,79141586,1.30E+15,2023-06-15T14:00:01
SOLARINDS,INE343H01029,15-06-2023,NSE,EQ,EQ,buy,FALSE,2,3859.8,79141587,1.30E+15,2023-06-15T14:00:01
SOLARINDS,INE343H01029,15-06-2023,NSE,EQ,EQ,buy,FALSE,1,3859.9,79141588,1.30E+15,2023-06-15T14:00:01
SOLARINDS,INE343H01029,15-06-2023,NSE,EQ,EQ,buy,FALSE,1,3859.9,79141589,1.30E+15,2023-06-15T14:00:01
MAXHEALTH,INE027H01010,22-06-2023,NSE,EQ,EQ,buy,FALSE,6,582.75,53979237,1.20E+15,2023-06-22T14:00:02
APOLLOHOSP,INE437A01024,22-06-2023,NSE,EQ,EQ,buy,FALSE,4,5098.45,3431978,1.00E+15,2023-06-22T14:00:02
HAL,INE066F01012,22-06-2023,NSE,EQ,EQ,buy,FALSE,5,3770.05,29287120,1.10E+15,2023-06-22T14:00:02
PERSISTENT,INE262H01013,22-06-2023,NSE,EQ,EQ,buy,FALSE,4,4877.1,53979231,1.20E+15,2023-06-22T14:00:02
KPITTECH,INE04I401011,22-06-2023,NSE,EQ,EQ,buy,FALSE,19,1068.4,53979232,1.20E+15,2023-06-22T14:00:02
MAXHEALTH,INE027H01010,22-06-2023,NSE,EQ,EQ,buy,FALSE,2,582.7,53979233,1.20E+15,2023-06-22T14:00:02
MAXHEALTH,INE027H01010,22-06-2023,NSE,EQ,EQ,buy,FALSE,12,582.7,53979234,1.20E+15,2023-06-22T14:00:02
MAXHEALTH,INE027H01010,22-06-2023,NSE,EQ,EQ,buy,FALSE,7,582.7,53979235,1.20E+15,2023-06-22T14:00:02
MAXHEALTH,INE027H01010,22-06-2023,NSE,EQ,EQ,buy,FALSE,7,582.75,53979236,1.20E+15,2023-06-22T14:00:02
NIFTYBEES,INF204KB14I2,22-06-2023,NSE,EQ,EQ,buy,FALSE,97,207.02,53979238,1.20E+15,2023-06-22T14:00:02
SOLARINDS,INE343H01029,22-06-2023,NSE,EQ,EQ,buy,FALSE,1,3835.45,78944859,1.30E+15,2023-06-22T14:00:02
SOLARINDS,INE343H01029,22-06-2023,NSE,EQ,EQ,buy,FALSE,1,3835.5,78944860,1.30E+15,2023-06-22T14:00:02
SOLARINDS,INE343H01029,22-06-2023,NSE,EQ,EQ,buy,FALSE,3,3835.5,78944861,1.30E+15,2023-06-22T14:00:02
TIINDIA,INE974X01010,22-06-2023,NSE,EQ,EQ,buy,FALSE,7,3228.8,78944862,1.30E+15,2023-06-22T14:00:02
SCHAEFFLER,INE513A01022,22-06-2023,NSE,EQ,EQ,buy,FALSE,1,3210.9,78944863,1.30E+15,2023-06-22T14:00:02
SCHAEFFLER,INE513A01022,22-06-2023,NSE,EQ,EQ,buy,FALSE,1,3210.95,78944864,1.30E+15,2023-06-22T14:00:02
SCHAEFFLER,INE513A01022,22-06-2023,NSE,EQ,EQ,buy,FALSE,1,3211,78944865,1.30E+15,2023-06-22T14:00:02
SCHAEFFLER,INE513A01022,22-06-2023,NSE,EQ,EQ,buy,FALSE,1,3211.05,78944866,1.30E+15,2023-06-22T14:00:02
SCHAEFFLER,INE513A01022,22-06-2023,NSE,EQ,EQ,buy,FALSE,1,3211.15,78944867,1.30E+15,2023-06-22T14:00:02
SCHAEFFLER,INE513A01022,22-06-2023,NSE,EQ,EQ,buy,FALSE,1,3211.2,78944868,1.30E+15,2023-06-22T14:00:02
NIFTYBEES,INF204KB14I2,03-07-2023,NSE,EQ,EQ,buy,FALSE,19,211.95,40702721,1.20E+15,2023-07-03T09:35:02
NIFTYBEES,INF204KB14I2,03-07-2023,NSE,EQ,EQ,buy,FALSE,1,211.95,40702720,1.20E+15,2023-07-03T09:35:02
NIFTYBEES,INF204KB14I2,03-07-2023,NSE,EQ,EQ,buy,FALSE,75,211.95,40702719,1.20E+15,2023-07-03T09:35:02
MAXHEALTH,INE027H01010,03-07-2023,NSE,EQ,EQ,buy,FALSE,33,606.45,40702715,1.20E+15,2023-07-03T09:35:02
APOLLOHOSP,INE437A01024,03-07-2023,NSE,EQ,EQ,buy,FALSE,4,5129,530512,1.00E+15,2023-07-03T09:35:02
HAL,INE066F01012,03-07-2023,NSE,EQ,EQ,buy,FALSE,5,3792.1,20718238,1.10E+15,2023-07-03T09:35:02
SOLARINDS,INE343H01029,03-07-2023,NSE,EQ,EQ,buy,FALSE,6,3765,60662229,1.30E+15,2023-07-03T09:35:02
TIINDIA,INE974X01010,03-07-2023,NSE,EQ,EQ,buy,FALSE,1,3200,60662184,1.30E+15,2023-07-03T09:35:02
TIINDIA,INE974X01010,03-07-2023,NSE,EQ,EQ,buy,FALSE,5,3200,60662185,1.30E+15,2023-07-03T09:35:02
SCHAEFFLER,INE513A01022,03-07-2023,NSE,EQ,EQ,buy,FALSE,4,3105.45,60662190,1.30E+15,2023-07-03T09:35:02
SCHAEFFLER,INE513A01022,03-07-2023,NSE,EQ,EQ,buy,FALSE,3,3105.4,60662189,1.30E+15,2023-07-03T09:35:02
KPITTECH,INE04I401011,03-07-2023,NSE,EQ,EQ,buy,FALSE,17,1085,40702650,1.20E+15,2023-07-03T09:35:02
PERSISTENT,INE262H01013,03-07-2023,NSE,EQ,EQ,buy,FALSE,4,4944.75,40702655,1.20E+15,2023-07-03T09:35:02
PERSISTENT,INE262H01013,03-07-2023,NSE,EQ,EQ,buy,FALSE,1,4872.2,44127065,1.20E+15,2023-07-03T14:00:01
SOLARINDS,INE343H01029,03-07-2023,NSE,EQ,EQ,buy,FALSE,1,3745.55,63910271,1.30E+15,2023-07-03T14:00:01
SOLARINDS,INE343H01029,03-07-2023,NSE,EQ,EQ,buy,FALSE,1,3745.4,63910270,1.30E+15,2023-07-03T14:00:01
SOLARINDS,INE343H01029,03-07-2023,NSE,EQ,EQ,buy,FALSE,1,3745.05,63910269,1.30E+15,2023-07-03T14:00:01
PERSISTENT,INE262H01013,03-07-2023,NSE,EQ,EQ,buy,FALSE,1,4872.2,44127067,1.20E+15,2023-07-03T14:00:01
PERSISTENT,INE262H01013,03-07-2023,NSE,EQ,EQ,buy,FALSE,1,4872.2,44127068,1.20E+15,2023-07-03T14:00:01
MAXHEALTH,INE027H01010,03-07-2023,NSE,EQ,EQ,buy,FALSE,2,604.6,44127071,1.20E+15,2023-07-03T14:00:01
MAXHEALTH,INE027H01010,03-07-2023,NSE,EQ,EQ,buy,FALSE,31,604.6,44127072,1.20E+15,2023-07-03T14:00:01
NIFTYBEES,INF204KB14I2,03-07-2023,NSE,EQ,EQ,buy,FALSE,95,212.24,44127085,1.20E+15,2023-07-03T14:00:01
TIINDIA,INE974X01010,03-07-2023,NSE,EQ,EQ,buy,FALSE,6,3174.8,63910266,1.30E+15,2023-07-03T14:00:01
SCHAEFFLER,INE513A01022,03-07-2023,NSE,EQ,EQ,buy,FALSE,7,3040.8,63910267,1.30E+15,2023-07-03T14:00:01
SOLARINDS,INE343H01029,03-07-2023,NSE,EQ,EQ,buy,FALSE,3,3745,63910268,1.30E+15,2023-07-03T14:00:01
HAL,INE066F01012,03-07-2023,NSE,EQ,EQ,buy,FALSE,5,3774.95,24757129,1.10E+15,2023-07-03T14:00:01
APOLLOHOSP,INE437A01024,03-07-2023,NSE,EQ,EQ,buy,FALSE,4,5075.25,3422227,1.00E+15,2023-07-03T14:00:01
KPITTECH,INE04I401011,03-07-2023,NSE,EQ,EQ,buy,FALSE,15,1079.3,44127062,1.20E+15,2023-07-03T14:00:01
KPITTECH,INE04I401011,03-07-2023,NSE,EQ,EQ,buy,FALSE,1,1079.3,44127063,1.20E+15,2023-07-03T14:00:01
KPITTECH,INE04I401011,03-07-2023,NSE,EQ,EQ,buy,FALSE,1,1079.3,44127064,1.20E+15,2023-07-03T14:00:01
PERSISTENT,INE262H01013,03-07-2023,NSE,EQ,EQ,buy,FALSE,1,4872.2,44127066,1.20E+15,2023-07-03T14:00:01
SCHAEFFLER,INE513A01022,10-07-2023,NSE,EQ,EQ,buy,FALSE,1,2994.15,64222816,1.30E+15,2023-07-10T14:00:01
HAL,INE066F01012,10-07-2023,NSE,EQ,EQ,buy,FALSE,5,3757,24128126,1.10E+15,2023-07-10T14:00:01
MAXHEALTH,INE027H01010,10-07-2023,NSE,EQ,EQ,buy,FALSE,33,613.8,44004640,1.20E+15,2023-07-10T14:00:01
KPITTECH,INE04I401011,10-07-2023,NSE,EQ,EQ,buy,FALSE,18,1061.05,44004641,1.20E+15,2023-07-10T14:00:01
SCHAEFFLER,INE513A01022,10-07-2023,NSE,EQ,EQ,buy,FALSE,2,2994.15,64222818,1.30E+15,2023-07-10T14:00:01
SCHAEFFLER,INE513A01022,10-07-2023,NSE,EQ,EQ,buy,FALSE,4,2994.15,64222817,1.30E+15,2023-07-10T14:00:01
TIINDIA,INE974X01010,10-07-2023,NSE,EQ,EQ,buy,FALSE,1,3162.9,64222812,1.30E+15,2023-07-10T14:00:01
TIINDIA,INE974X01010,10-07-2023,NSE,EQ,EQ,buy,FALSE,1,3163,64222813,1.30E+15,2023-07-10T14:00:01
TIINDIA,INE974X01010,10-07-2023,NSE,EQ,EQ,buy,FALSE,2,3163.05,64222814,1.30E+15,2023-07-10T14:00:01
TIINDIA,INE974X01010,10-07-2023,NSE,EQ,EQ,buy,FALSE,2,3163.2,64222815,1.30E+15,2023-07-10T14:00:01
NIFTYBEES,INF204KB14I2,10-07-2023,NSE,EQ,EQ,buy,FALSE,95,213.1,44004647,1.20E+15,2023-07-10T14:00:02
APOLLOHOSP,INE437A01024,10-07-2023,NSE,EQ,EQ,buy,FALSE,4,5172.45,3278349,1.00E+15,2023-07-10T14:00:02
PERSISTENT,INE262H01013,10-07-2023,NSE,EQ,EQ,buy,FALSE,4,4768.75,44004645,1.20E+15,2023-07-10T14:00:02
SOLARINDS,INE343H01029,10-07-2023,NSE,EQ,EQ,buy,FALSE,4,3594.9,64222821,1.30E+15,2023-07-10T14:00:02
SOLARINDS,INE343H01029,10-07-2023,NSE,EQ,EQ,buy,FALSE,2,3594.85,64222820,1.30E+15,2023-07-10T14:00:02
HAL,INE066F01012,17-07-2023,NSE,EQ,EQ,buy,FALSE,2,3813,24648916,1.10E+15,2023-07-17T14:00:02
SOLARINDS,INE343H01029,17-07-2023,NSE,EQ,EQ,buy,FALSE,2,3684.65,65175303,1.30E+15,2023-07-17T14:00:02
SOLARINDS,INE343H01029,17-07-2023,NSE,EQ,EQ,buy,FALSE,2,3684.65,65175302,1.30E+15,2023-07-17T14:00:02
SOLARINDS,INE343H01029,17-07-2023,NSE,EQ,EQ,buy,FALSE,1,3684.3,65175301,1.30E+15,2023-07-17T14:00:02
TIINDIA,INE974X01010,17-07-2023,NSE,EQ,EQ,buy,FALSE,6,3253,65175297,1.30E+15,2023-07-17T14:00:02
SCHAEFFLER,INE513A01022,17-07-2023,NSE,EQ,EQ,buy,FALSE,1,3154.6,65175296,1.30E+15,2023-07-17T14:00:02
SCHAEFFLER,INE513A01022,17-07-2023,NSE,EQ,EQ,buy,FALSE,4,3154.6,65175295,1.30E+15,2023-07-17T14:00:02
SCHAEFFLER,INE513A01022,17-07-2023,NSE,EQ,EQ,buy,FALSE,2,3154.6,65175294,1.30E+15,2023-07-17T14:00:02
NIFTYBEES,INF204KB14I2,17-07-2023,NSE,EQ,EQ,buy,FALSE,94,216.05,44178852,1.20E+15,2023-07-17T14:00:02
MAXHEALTH,INE027H01010,17-07-2023,NSE,EQ,EQ,buy,FALSE,23,612,44178845,1.20E+15,2023-07-17T14:00:02
MAXHEALTH,INE027H01010,17-07-2023,NSE,EQ,EQ,buy,FALSE,11,612,44178844,1.20E+15,2023-07-17T14:00:02
PERSISTENT,INE262H01013,17-07-2023,NSE,EQ,EQ,buy,FALSE,4,4986.4,44178841,1.20E+15,2023-07-17T14:00:02
KPITTECH,INE04I401011,17-07-2023,NSE,EQ,EQ,buy,FALSE,19,1091.8,44178817,1.20E+15,2023-07-17T14:00:02
HAL,INE066F01012,17-07-2023,NSE,EQ,EQ,buy,FALSE,3,3813,24648917,1.10E+15,2023-07-17T14:00:02
APOLLOHOSP,INE437A01024,17-07-2023,NSE,EQ,EQ,buy,FALSE,4,5236.45,3420487,1.00E+15,2023-07-17T14:00:02
SCHAEFFLER,INE513A01022,24-07-2023,NSE,EQ,EQ,buy,FALSE,1,3164.75,65740491,1.30E+15,2023-07-24T14:00:01
TIINDIA,INE974X01010,24-07-2023,NSE,EQ,EQ,buy,FALSE,2,3184.85,65740493,1.30E+15,2023-07-24T14:00:01
TIINDIA,INE974X01010,24-07-2023,NSE,EQ,EQ,buy,FALSE,3,3184.85,65740494,1.30E+15,2023-07-24T14:00:01
SCHAEFFLER,INE513A01022,24-07-2023,NSE,EQ,EQ,buy,FALSE,1,3164.75,65740488,1.30E+15,2023-07-24T14:00:01
SCHAEFFLER,INE513A01022,24-07-2023,NSE,EQ,EQ,buy,FALSE,3,3164.75,65740489,1.30E+15,2023-07-24T14:00:01
SCHAEFFLER,INE513A01022,24-07-2023,NSE,EQ,EQ,buy,FALSE,1,3164.75,65740490,1.30E+15,2023-07-24T14:00:01
TIINDIA,INE974X01010,24-07-2023,NSE,EQ,EQ,buy,FALSE,1,3184.85,65740492,1.30E+15,2023-07-24T14:00:01
SOLARINDS,INE343H01029,24-07-2023,NSE,EQ,EQ,buy,FALSE,5,3751.9,65740497,1.30E+15,2023-07-24T14:00:01
APOLLOHOSP,INE437A01024,24-07-2023,NSE,EQ,EQ,buy,FALSE,3,5205,3500717,1.00E+15,2023-07-24T14:00:01
APOLLOHOSP,INE437A01024,24-07-2023,NSE,EQ,EQ,buy,FALSE,1,5205,3500718,1.00E+15,2023-07-24T14:00:01
HAL,INE066F01012,24-07-2023,NSE,EQ,EQ,buy,FALSE,1,3895,24903187,1.10E+15,2023-07-24T14:00:01
HAL,INE066F01012,24-07-2023,NSE,EQ,EQ,buy,FALSE,1,3895.25,24903188,1.10E+15,2023-07-24T14:00:01
HAL,INE066F01012,24-07-2023,NSE,EQ,EQ,buy,FALSE,3,3895.95,24903189,1.10E+15,2023-07-24T14:00:01
KPITTECH,INE04I401011,24-07-2023,NSE,EQ,EQ,buy,FALSE,20,1023.7,44107591,1.20E+15,2023-07-24T14:00:01
PERSISTENT,INE262H01013,24-07-2023,NSE,EQ,EQ,buy,FALSE,4,4802,44107594,1.20E+15,2023-07-24T14:00:01
MAXHEALTH,INE027H01010,24-07-2023,NSE,EQ,EQ,buy,FALSE,34,611.8,44107596,1.20E+15,2023-07-24T14:00:01
NIFTYBEES,INF204KB14I2,24-07-2023,NSE,EQ,EQ,buy,FALSE,94,217.73,44107603,1.20E+15,2023-07-24T14:00:01
SCHAEFFLER,INE513A01022,24-07-2023,NSE,EQ,EQ,buy,FALSE,1,3164.6,65740487,1.30E+15,2023-07-24T14:00:01
SOLARINDS,INE343H01029,01-08-2023,NSE,EQ,EQ,buy,FALSE,2,3849.45,64803187,1.30E+15,2023-08-01T14:00:01
SCHAEFFLER,INE513A01022,01-08-2023,NSE,EQ,EQ,buy,FALSE,1,3113.05,64803179,1.30E+15,2023-08-01T14:00:01
NIFTYBEES,INF204KB14I2,01-08-2023,NSE,EQ,EQ,buy,FALSE,94,217.5,44834179,1.20E+15,2023-08-01T14:00:01
MAXHEALTH,INE027H01010,01-08-2023,NSE,EQ,EQ,buy,FALSE,5,577.05,44834177,1.20E+15,2023-08-01T14:00:01
MAXHEALTH,INE027H01010,01-08-2023,NSE,EQ,EQ,buy,FALSE,17,577.05,44834176,1.20E+15,2023-08-01T14:00:01
MAXHEALTH,INE027H01010,01-08-2023,NSE,EQ,EQ,buy,FALSE,12,577.05,44834175,1.20E+15,2023-08-01T14:00:01
PERSISTENT,INE262H01013,01-08-2023,NSE,EQ,EQ,buy,FALSE,4,4806,44834174,1.20E+15,2023-08-01T14:00:01
KPITTECH,INE04I401011,01-08-2023,NSE,EQ,EQ,buy,FALSE,19,1100.9,44834171,1.20E+15,2023-08-01T14:00:01
HAL,INE066F01012,01-08-2023,NSE,EQ,EQ,buy,FALSE,5,3870,25326117,1.10E+15,2023-08-01T14:00:01
APOLLOHOSP,INE437A01024,01-08-2023,NSE,EQ,EQ,buy,FALSE,4,5041.1,3690881,1.00E+15,2023-08-01T14:00:01
SOLARINDS,INE343H01029,01-08-2023,NSE,EQ,EQ,buy,FALSE,1,3849.45,64803185,1.30E+15,2023-08-01T14:00:01
TIINDIA,INE974X01010,01-08-2023,NSE,EQ,EQ,buy,FALSE,7,3080.95,64803182,1.30E+15,2023-08-01T14:00:01
SCHAEFFLER,INE513A01022,01-08-2023,NSE,EQ,EQ,buy,FALSE,3,3113.85,64803181,1.30E+15,2023-08-01T14:00:01
SCHAEFFLER,INE513A01022,01-08-2023,NSE,EQ,EQ,buy,FALSE,2,3113.8,64803180,1.30E+15,2023-08-01T14:00:01
SOLARINDS,INE343H01029,01-08-2023,NSE,EQ,EQ,buy,FALSE,2,3849.45,64803186,1.30E+15,2023-08-01T14:00:01
HAL,INE066F01012,08-08-2023,NSE,EQ,EQ,buy,FALSE,2,3756.05,25150751,1.10E+15,2023-08-08T14:00:00
SOLARINDS,INE343H01029,08-08-2023,NSE,EQ,EQ,buy,FALSE,1,3879.15,65561135,1.30E+15,2023-08-08T14:00:00
APOLLOHOSP,INE437A01024,08-08-2023,NSE,EQ,EQ,buy,FALSE,4,5040.45,4054297,1.00E+15,2023-08-08T14:00:00
SOLARINDS,INE343H01029,08-08-2023,NSE,EQ,EQ,buy,FALSE,4,3878.95,65561134,1.30E+15,2023-08-08T14:00:00
SCHAEFFLER,INE513A01022,08-08-2023,NSE,EQ,EQ,buy,FALSE,3,3041.6,65561133,1.30E+15,2023-08-08T14:00:00
SCHAEFFLER,INE513A01022,08-08-2023,NSE,EQ,EQ,buy,FALSE,2,3041.6,65561132,1.30E+15,2023-08-08T14:00:00
SCHAEFFLER,INE513A01022,08-08-2023,NSE,EQ,EQ,buy,FALSE,2,3041.55,65561131,1.30E+15,2023-08-08T14:00:00
TIINDIA,INE974X01010,08-08-2023,NSE,EQ,EQ,buy,FALSE,4,3028.9,65561130,1.30E+15,2023-08-08T14:00:00
TIINDIA,INE974X01010,08-08-2023,NSE,EQ,EQ,buy,FALSE,1,3028.9,65561129,1.30E+15,2023-08-08T14:00:00
TIINDIA,INE974X01010,08-08-2023,NSE,EQ,EQ,buy,FALSE,1,3028.9,65561128,1.30E+15,2023-08-08T14:00:00
NIFTYBEES,INF204KB14I2,08-08-2023,NSE,EQ,EQ,buy,FALSE,94,215.87,44377511,1.20E+15,2023-08-08T14:00:00
KPITTECH,INE04I401011,08-08-2023,NSE,EQ,EQ,buy,FALSE,8,1146.15,44377510,1.20E+15,2023-08-08T14:00:00
KPITTECH,INE04I401011,08-08-2023,NSE,EQ,EQ,buy,FALSE,9,1146.15,44377509,1.20E+15,2023-08-08T14:00:00
MAXHEALTH,INE027H01010,08-08-2023,NSE,EQ,EQ,buy,FALSE,34,558.5,44377505,1.20E+15,2023-08-08T14:00:00
PERSISTENT,INE262H01013,08-08-2023,NSE,EQ,EQ,buy,FALSE,2,4864.8,44377502,1.20E+15,2023-08-08T14:00:00
PERSISTENT,INE262H01013,08-08-2023,NSE,EQ,EQ,buy,FALSE,2,4864.8,44377501,1.20E+15,2023-08-08T14:00:00
HAL,INE066F01012,08-08-2023,NSE,EQ,EQ,buy,FALSE,4,3756.1,25150752,1.10E+15,2023-08-08T14:00:00
APOLLOHOSP,INE437A01024,16-08-2023,NSE,EQ,EQ,buy,FALSE,4,4913.9,3687452,1.00E+15,2023-08-16T14:00:01
SOLARINDS,INE343H01029,16-08-2023,NSE,EQ,EQ,buy,FALSE,2,4230.9,64650768,1.30E+15,2023-08-16T14:00:01
SOLARINDS,INE343H01029,16-08-2023,NSE,EQ,EQ,buy,FALSE,3,4230.55,64650767,1.30E+15,2023-08-16T14:00:01
TIINDIA,INE974X01010,16-08-2023,NSE,EQ,EQ,buy,FALSE,6,2831.5,64650762,1.30E+15,2023-08-16T14:00:01
SCHAEFFLER,INE513A01022,16-08-2023,NSE,EQ,EQ,buy,FALSE,2,2982.95,64650761,1.30E+15,2023-08-16T14:00:01
SCHAEFFLER,INE513A01022,16-08-2023,NSE,EQ,EQ,buy,FALSE,3,2981.6,64650760,1.30E+15,2023-08-16T14:00:01
SCHAEFFLER,INE513A01022,16-08-2023,NSE,EQ,EQ,buy,FALSE,2,2981.4,64650759,1.30E+15,2023-08-16T14:00:01
NIFTYBEES,INF204KB14I2,16-08-2023,NSE,EQ,EQ,buy,FALSE,84,214.3,44190043,1.20E+15,2023-08-16T14:00:01
NIFTYBEES,INF204KB14I2,16-08-2023,NSE,EQ,EQ,buy,FALSE,10,214.3,44190042,1.20E+15,2023-08-16T14:00:01
MAXHEALTH,INE027H01010,16-08-2023,NSE,EQ,EQ,buy,FALSE,34,534.5,44190041,1.20E+15,2023-08-16T14:00:01
PERSISTENT,INE262H01013,16-08-2023,NSE,EQ,EQ,buy,FALSE,4,4997.4,44190038,1.20E+15,2023-08-16T14:00:01
KPITTECH,INE04I401011,16-08-2023,NSE,EQ,EQ,buy,FALSE,14,1133.55,44190037,1.20E+15,2023-08-16T14:00:01
KPITTECH,INE04I401011,16-08-2023,NSE,EQ,EQ,buy,FALSE,3,1132.95,44190036,1.20E+15,2023-08-16T14:00:01
HAL,INE066F01012,16-08-2023,NSE,EQ,EQ,buy,FALSE,1,3867.4,24807578,1.10E+15,2023-08-16T14:00:01
HAL,INE066F01012,16-08-2023,NSE,EQ,EQ,buy,FALSE,1,3867.2,24807577,1.10E+15,2023-08-16T14:00:01
HAL,INE066F01012,16-08-2023,NSE,EQ,EQ,buy,FALSE,1,3867.2,24807576,1.10E+15,2023-08-16T14:00:01
HAL,INE066F01012,16-08-2023,NSE,EQ,EQ,buy,FALSE,2,3867.2,24807575,1.10E+15,2023-08-16T14:00:01
HAL,INE066F01012,16-08-2023,NSE,EQ,EQ,buy,FALSE,1,3867.2,24807574,1.10E+15,2023-08-16T14:00:01
APOLLOHOSP,INE437A01024,22-08-2023,NSE,EQ,EQ,buy,FALSE,4,4940.25,3670488,1.00E+15,2023-08-22T14:00:00
HAL,INE066F01012,22-08-2023,NSE,EQ,EQ,buy,FALSE,6,3878,24536495,1.10E+15,2023-08-22T14:00:00
KPITTECH,INE04I401011,22-08-2023,NSE,EQ,EQ,buy,FALSE,14,1130,44037869,1.20E+15,2023-08-22T14:00:00
KPITTECH,INE04I401011,22-08-2023,NSE,EQ,EQ,buy,FALSE,3,1130,44037870,1.20E+15,2023-08-22T14:00:00
MAXHEALTH,INE027H01010,22-08-2023,NSE,EQ,EQ,buy,FALSE,34,567.35,44037872,1.20E+15,2023-08-22T14:00:00
PERSISTENT,INE262H01013,22-08-2023,NSE,EQ,EQ,buy,FALSE,4,5055.95,44037874,1.20E+15,2023-08-22T14:00:00
NIFTYBEES,INF204KB14I2,22-08-2023,NSE,EQ,EQ,buy,FALSE,94,213.6,44037877,1.20E+15,2023-08-22T14:00:00
SOLARINDS,INE343H01029,22-08-2023,NSE,EQ,EQ,buy,FALSE,5,4318.65,64846684,1.30E+15,2023-08-22T14:00:00
TIINDIA,INE974X01010,22-08-2023,NSE,EQ,EQ,buy,FALSE,4,2823.95,64846686,1.30E+15,2023-08-22T14:00:00
TIINDIA,INE974X01010,22-08-2023,NSE,EQ,EQ,buy,FALSE,2,2824,64846687,1.30E+15,2023-08-22T14:00:00
SCHAEFFLER,INE513A01022,22-08-2023,NSE,EQ,EQ,buy,FALSE,4,2964.45,64846688,1.30E+15,2023-08-22T14:00:00
SCHAEFFLER,INE513A01022,22-08-2023,NSE,EQ,EQ,buy,FALSE,3,2964.45,64846689,1.30E+15,2023-08-22T14:00:00
APOLLOHOSP,INE437A01024,01-09-2023,NSE,EQ,EQ,buy,FALSE,4,4828.7,4550381,1.00E+15,2023-09-01T14:00:01
SOLARINDS,INE343H01029,01-09-2023,NSE,EQ,EQ,buy,FALSE,4,4785.6,65396387,1.30E+15,2023-09-01T14:00:01
SCHAEFFLER,INE513A01022,01-09-2023,NSE,EQ,EQ,buy,FALSE,6,3131.85,65396382,1.30E+15,2023-09-01T14:00:01
TIINDIA,INE974X01010,01-09-2023,NSE,EQ,EQ,buy,FALSE,7,2978.5,65396380,1.30E+15,2023-09-01T14:00:01
NIFTYBEES,INF204KB14I2,01-09-2023,NSE,EQ,EQ,buy,FALSE,94,214,45015141,1.20E+15,2023-09-01T14:00:01
MAXHEALTH,INE027H01010,01-09-2023,NSE,EQ,EQ,buy,FALSE,21,574.65,45015138,1.20E+15,2023-09-01T14:00:01
MAXHEALTH,INE027H01010,01-09-2023,NSE,EQ,EQ,buy,FALSE,10,574.65,45015137,1.20E+15,2023-09-01T14:00:01
MAXHEALTH,INE027H01010,01-09-2023,NSE,EQ,EQ,buy,FALSE,3,574.65,45015136,1.20E+15,2023-09-01T14:00:01
PERSISTENT,INE262H01013,01-09-2023,NSE,EQ,EQ,buy,FALSE,4,5538.55,45015134,1.20E+15,2023-09-01T14:00:01
KPITTECH,INE04I401011,01-09-2023,NSE,EQ,EQ,buy,FALSE,17,1210,45015133,1.20E+15,2023-09-01T14:00:01
HAL,INE066F01012,01-09-2023,NSE,EQ,EQ,buy,FALSE,5,3935,25333956,1.10E+15,2023-09-01T14:00:01
HAL,INE066F01012,08-09-2023,NSE,EQ,EQ,buy,FALSE,5,4118.75,25160932,1.10E+15,2023-09-08T14:00:01
APOLLOHOSP,INE437A01024,08-09-2023,NSE,EQ,EQ,buy,FALSE,1,5014.5,4140261,1.00E+15,2023-09-08T14:00:01
APOLLOHOSP,INE437A01024,08-09-2023,NSE,EQ,EQ,buy,FALSE,3,5014.45,4140260,1.00E+15,2023-09-08T14:00:01
SOLARINDS,INE343H01029,08-09-2023,NSE,EQ,EQ,buy,FALSE,4,4647.6,65474115,1.30E+15,2023-09-08T14:00:01
TIINDIA,INE974X01010,08-09-2023,NSE,EQ,EQ,buy,FALSE,1,3302.15,65474114,1.30E+15,2023-09-08T14:00:01
TIINDIA,INE974X01010,08-09-2023,NSE,EQ,EQ,buy,FALSE,5,3302.15,65474113,1.30E+15,2023-09-08T14:00:01
SCHAEFFLER,INE513A01022,08-09-2023,NSE,EQ,EQ,buy,FALSE,2,3568.8,65474111,1.30E+15,2023-09-08T14:00:01
SCHAEFFLER,INE513A01022,08-09-2023,NSE,EQ,EQ,buy,FALSE,4,3568.75,65474110,1.30E+15,2023-09-08T14:00:01
NIFTYBEES,INF204KB14I2,08-09-2023,NSE,EQ,EQ,buy,FALSE,92,218.4,45009499,1.20E+15,2023-09-08T14:00:01
MAXHEALTH,INE027H01010,08-09-2023,NSE,EQ,EQ,buy,FALSE,34,606.6,45009495,1.20E+15,2023-09-08T14:00:01
PERSISTENT,INE262H01013,08-09-2023,NSE,EQ,EQ,buy,FALSE,3,5948.9,45009494,1.20E+15,2023-09-08T14:00:01
KPITTECH,INE04I401011,08-09-2023,NSE,EQ,EQ,buy,FALSE,2,1170.8,45009493,1.20E+15,2023-09-08T14:00:01
KPITTECH,INE04I401011,08-09-2023,NSE,EQ,EQ,buy,FALSE,16,1170.8,45009492,1.20E+15,2023-09-08T14:00:01
MAXHEALTH,INE027H01010,15-09-2023,NSE,EQ,EQ,buy,FALSE,27,584.65,44450329,1.20E+15,2023-09-15T14:00:01
MAXHEALTH,INE027H01010,15-09-2023,NSE,EQ,EQ,buy,FALSE,8,584.6,44450328,1.20E+15,2023-09-15T14:00:01
PERSISTENT,INE262H01013,15-09-2023,NSE,EQ,EQ,buy,FALSE,1,5935.9,44450324,1.20E+15,2023-09-15T14:00:01
KPITTECH,INE04I401011,15-09-2023,NSE,EQ,EQ,buy,FALSE,17,1174.2,44450325,1.20E+15,2023-09-15T14:00:01
PERSISTENT,INE262H01013,15-09-2023,NSE,EQ,EQ,buy,FALSE,2,5935.75,44450323,1.20E+15,2023-09-15T14:00:01
HAL,INE066F01012,15-09-2023,NSE,EQ,EQ,buy,FALSE,2,3960.95,25052077,1.10E+15,2023-09-15T14:00:01
HAL,INE066F01012,15-09-2023,NSE,EQ,EQ,buy,FALSE,1,3960.95,25052076,1.10E+15,2023-09-15T14:00:01
HAL,INE066F01012,15-09-2023,NSE,EQ,EQ,buy,FALSE,2,3960.95,25052075,1.10E+15,2023-09-15T14:00:01
APOLLOHOSP,INE437A01024,15-09-2023,NSE,EQ,EQ,buy,FALSE,4,5117.9,3999897,1.00E+15,2023-09-15T14:00:01
SOLARINDS,INE343H01029,15-09-2023,NSE,EQ,EQ,buy,FALSE,3,4577.95,64976996,1.30E+15,2023-09-15T14:00:01
SOLARINDS,INE343H01029,15-09-2023,NSE,EQ,EQ,buy,FALSE,1,4577.9,64976995,1.30E+15,2023-09-15T14:00:01
SCHAEFFLER,INE513A01022,15-09-2023,NSE,EQ,EQ,buy,FALSE,6,3421.1,64976994,1.30E+15,2023-09-15T14:00:01
TIINDIA,INE974X01010,15-09-2023,NSE,EQ,EQ,buy,FALSE,3,3340.5,64976991,1.30E+15,2023-09-15T14:00:01
TIINDIA,INE974X01010,15-09-2023,NSE,EQ,EQ,buy,FALSE,2,3340,64976990,1.30E+15,2023-09-15T14:00:01
TIINDIA,INE974X01010,15-09-2023,NSE,EQ,EQ,buy,FALSE,1,3340,64976989,1.30E+15,2023-09-15T14:00:01
NIFTYBEES,INF204KB14I2,15-09-2023,NSE,EQ,EQ,buy,FALSE,91,222.35,44450331,1.20E+15,2023-09-15T14:00:01
KPITTECH,INE04I401011,22-09-2023,NSE,EQ,EQ,buy,FALSE,15,1069.5,44436075,1.20E+15,2023-09-22T14:00:01
SOLARINDS,INE343H01029,22-09-2023,NSE,EQ,EQ,buy,FALSE,1,4603.9,64623728,1.30E+15,2023-09-22T14:00:01
APOLLOHOSP,INE437A01024,22-09-2023,NSE,EQ,EQ,buy,FALSE,1,5003.85,3845509,1.00E+15,2023-09-22T14:00:01
APOLLOHOSP,INE437A01024,22-09-2023,NSE,EQ,EQ,buy,FALSE,3,5004.5,3845510,1.00E+15,2023-09-22T14:00:01
HAL,INE066F01012,22-09-2023,NSE,EQ,EQ,buy,FALSE,5,3870,24999164,1.10E+15,2023-09-22T14:00:01
KPITTECH,INE04I401011,22-09-2023,NSE,EQ,EQ,buy,FALSE,1,1069.45,44436073,1.20E+15,2023-09-22T14:00:01
KPITTECH,INE04I401011,22-09-2023,NSE,EQ,EQ,buy,FALSE,1,1069.45,44436074,1.20E+15,2023-09-22T14:00:01
PERSISTENT,INE262H01013,22-09-2023,NSE,EQ,EQ,buy,FALSE,2,5804.4,44436077,1.20E+15,2023-09-22T14:00:01
PERSISTENT,INE262H01013,22-09-2023,NSE,EQ,EQ,buy,FALSE,1,5804.45,44436078,1.20E+15,2023-09-22T14:00:01
MAXHEALTH,INE027H01010,22-09-2023,NSE,EQ,EQ,buy,FALSE,35,545.9,44436079,1.20E+15,2023-09-22T14:00:01
NIFTYBEES,INF204KB14I2,22-09-2023,NSE,EQ,EQ,buy,FALSE,91,217.13,44436080,1.20E+15,2023-09-22T14:00:01
TIINDIA,INE974X01010,22-09-2023,NSE,EQ,EQ,buy,FALSE,6,3190,64623721,1.30E+15,2023-09-22T14:00:01
SCHAEFFLER,INE513A01022,22-09-2023,NSE,EQ,EQ,buy,FALSE,2,3143.85,64623722,1.30E+15,2023-09-22T14:00:01
SCHAEFFLER,INE513A01022,22-09-2023,NSE,EQ,EQ,buy,FALSE,2,3143.85,64623723,1.30E+15,2023-09-22T14:00:01
SCHAEFFLER,INE513A01022,22-09-2023,NSE,EQ,EQ,buy,FALSE,2,3143.85,64623724,1.30E+15,2023-09-22T14:00:01
SOLARINDS,INE343H01029,22-09-2023,NSE,EQ,EQ,buy,FALSE,1,4603.8,64623726,1.30E+15,2023-09-22T14:00:01
SOLARINDS,INE343H01029,22-09-2023,NSE,EQ,EQ,buy,FALSE,2,4603.85,64623727,1.30E+15,2023-09-22T14:00:01
SCHAEFFLER,INE513A01022,03-10-2023,NSE,EQ,EQ,sell,FALSE,1,3268.95,60368256,1.30E+15,2023-10-03T09:19:19
APOLLOHOSP,INE437A01024,03-10-2023,NSE,EQ,EQ,sell,FALSE,3,5104.15,228276,1.00E+15,2023-10-03T09:19:19
APOLLOHOSP,INE437A01024,03-10-2023,NSE,EQ,EQ,sell,FALSE,5,5104.15,228277,1.00E+15,2023-10-03T09:19:19
TIINDIA,INE974X01010,03-10-2023,NSE,EQ,EQ,sell,FALSE,17,2958.05,60368348,1.30E+15,2023-10-03T09:19:19
SOLARINDS,INE343H01029,03-10-2023,NSE,EQ,EQ,sell,FALSE,1,4831.25,60368298,1.30E+15,2023-10-03T09:19:19
SOLARINDS,INE343H01029,03-10-2023,NSE,EQ,EQ,sell,FALSE,2,4831.3,60368297,1.30E+15,2023-10-03T09:19:19
SOLARINDS,INE343H01029,03-10-2023,NSE,EQ,EQ,sell,FALSE,1,4831.5,60368296,1.30E+15,2023-10-03T09:19:19
SOLARINDS,INE343H01029,03-10-2023,NSE,EQ,EQ,sell,FALSE,3,4831.6,60368295,1.30E+15,2023-10-03T09:19:19
SOLARINDS,INE343H01029,03-10-2023,NSE,EQ,EQ,sell,FALSE,1,4831.6,60368294,1.30E+15,2023-10-03T09:19:19
SOLARINDS,INE343H01029,03-10-2023,NSE,EQ,EQ,sell,FALSE,1,4831.65,60368293,1.30E+15,2023-10-03T09:19:19
SOLARINDS,INE343H01029,03-10-2023,NSE,EQ,EQ,sell,FALSE,1,4831.85,60368292,1.30E+15,2023-10-03T09:19:19
SCHAEFFLER,INE513A01022,03-10-2023,NSE,EQ,EQ,sell,FALSE,3,3268.9,60368257,1.30E+15,2023-10-03T09:19:19
KPITTECH,INE04I401011,03-10-2023,NSE,EQ,EQ,sell,FALSE,43,1136.7,40313126,1.20E+15,2023-10-03T09:19:19
MAXHEALTH,INE027H01010,03-10-2023,NSE,EQ,EQ,sell,FALSE,12,574,40313160,1.20E+15,2023-10-03T09:19:19
MAXHEALTH,INE027H01010,03-10-2023,NSE,EQ,EQ,sell,FALSE,49,574,40313161,1.20E+15,2023-10-03T09:19:19
MAXHEALTH,INE027H01010,03-10-2023,NSE,EQ,EQ,sell,FALSE,14,574,40313162,1.20E+15,2023-10-03T09:19:19
MAXHEALTH,INE027H01010,03-10-2023,NSE,EQ,EQ,sell,FALSE,13,574,40313163,1.20E+15,2023-10-03T09:19:19
PERSISTENT,INE262H01013,03-10-2023,NSE,EQ,EQ,sell,FALSE,3,5757.55,40313202,1.20E+15,2023-10-03T09:19:19
PERSISTENT,INE262H01013,03-10-2023,NSE,EQ,EQ,sell,FALSE,2,5757.55,40313203,1.20E+15,2023-10-03T09:19:19
PERSISTENT,INE262H01013,03-10-2023,NSE,EQ,EQ,sell,FALSE,4,5757.55,40313204,1.20E+15,2023-10-03T09:19:19
APOLLOHOSP,INE437A01024,03-10-2023,NSE,EQ,EQ,sell,FALSE,2,5104.15,228275,1.00E+15,2023-10-03T09:19:19
SCHAEFFLER,INE513A01022,03-10-2023,NSE,EQ,EQ,sell,FALSE,1,3270,60368255,1.30E+15,2023-10-03T09:19:19
SCHAEFFLER,INE513A01022,03-10-2023,NSE,EQ,EQ,sell,FALSE,3,3270.1,60368252,1.30E+15,2023-10-03T09:19:19
SCHAEFFLER,INE513A01022,03-10-2023,NSE,EQ,EQ,sell,FALSE,3,3270.15,60368251,1.30E+15,2023-10-03T09:19:19
HAL,INE066F01020,03-10-2023,NSE,EQ,EQ,sell,FALSE,1,1934.85,20326512,1.10E+15,2023-10-03T09:19:19
HAL,INE066F01020,03-10-2023,NSE,EQ,EQ,sell,FALSE,2,1934.2,20326513,1.10E+15,2023-10-03T09:19:19
HAL,INE066F01020,03-10-2023,NSE,EQ,EQ,sell,FALSE,10,1934.2,20326514,1.10E+15,2023-10-03T09:19:19
HAL,INE066F01020,03-10-2023,NSE,EQ,EQ,sell,FALSE,8,1934.2,20326515,1.10E+15,2023-10-03T09:19:19
HAL,INE066F01020,03-10-2023,NSE,EQ,EQ,sell,FALSE,5,1934.15,20326516,1.10E+15,2023-10-03T09:19:19
SCHAEFFLER,INE513A01022,03-10-2023,NSE,EQ,EQ,sell,FALSE,3,3270.05,60368253,1.30E+15,2023-10-03T09:19:19
SCHAEFFLER,INE513A01022,03-10-2023,NSE,EQ,EQ,sell,FALSE,1,3270,60368254,1.30E+15,2023-10-03T09:19:19
BHARTIARTL,INE397D01024,03-10-2023,NSE,EQ,EQ,buy,FALSE,22,918.75,235750,1.00E+15,2023-10-03T09:19:34
COROMANDEL,INE169A01031,03-10-2023,NSE,EQ,EQ,buy,FALSE,12,1148.1,235789,1.00E+15,2023-10-03T09:19:34
COROMANDEL,INE169A01031,03-10-2023,NSE,EQ,EQ,buy,FALSE,5,1148.15,235790,1.00E+15,2023-10-03T09:19:34
ESABINDIA,INE284A01012,03-10-2023,NSE,EQ,EQ,buy,FALSE,1,5109.9,20337360,1.10E+15,2023-10-03T09:19:34
ESABINDIA,INE284A01012,03-10-2023,NSE,EQ,EQ,buy,FALSE,1,5109.95,20337361,1.10E+15,2023-10-03T09:19:34
ESABINDIA,INE284A01012,03-10-2023,NSE,EQ,EQ,buy,FALSE,1,5112.75,20337362,1.10E+15,2023-10-03T09:19:34
VBL,INE200M01021,03-10-2023,NSE,EQ,EQ,buy,FALSE,22,923.3,60380376,1.30E+15,2023-10-03T09:19:34
TORNTPOWER,INE813H01021,03-10-2023,NSE,EQ,EQ,buy,FALSE,12,736.55,60380343,1.30E+15,2023-10-03T09:19:34
TORNTPOWER,INE813H01021,03-10-2023,NSE,EQ,EQ,buy,FALSE,15,736.3,60380342,1.30E+15,2023-10-03T09:19:34
TITAN,INE280A01028,03-10-2023,NSE,EQ,EQ,buy,FALSE,6,3127.8,60380276,1.30E+15,2023-10-03T09:19:34
TATAINVEST,INE672A01018,03-10-2023,NSE,EQ,EQ,buy,FALSE,6,3208.95,60380234,1.30E+15,2023-10-03T09:19:34
RATNAMANI,INE703B01027,03-10-2023,NSE,EQ,EQ,buy,FALSE,3,2574.75,60380195,1.30E+15,2023-10-03T09:19:34
RATNAMANI,INE703B01027,03-10-2023,NSE,EQ,EQ,buy,FALSE,2,2574.75,60380194,1.30E+15,2023-10-03T09:19:34
ESABINDIA,INE284A01012,03-10-2023,NSE,EQ,EQ,buy,FALSE,1,5112.8,20337363,1.10E+15,2023-10-03T09:19:34
RATNAMANI,INE703B01027,03-10-2023,NSE,EQ,EQ,buy,FALSE,1,2573.7,60380191,1.30E+15,2023-10-03T09:19:34
NIFTYBEES,INF204KB14I2,03-10-2023,NSE,EQ,EQ,buy,FALSE,5,215.59,40325066,1.20E+15,2023-10-03T09:19:34
RATNAMANI,INE703B01027,03-10-2023,NSE,EQ,EQ,buy,FALSE,1,2574.75,60380193,1.30E+15,2023-10-03T09:19:34
RATNAMANI,INE703B01027,03-10-2023,NSE,EQ,EQ,buy,FALSE,1,2574.7,60380192,1.30E+15,2023-10-03T09:19:34
RATNAMANI,INE703B01027,03-10-2023,NSE,EQ,EQ,buy,FALSE,2,2574.45,60398696,1.30E+15,2023-10-03T09:19:56
BHARTIARTL,INE397D01024,03-10-2023,NSE,EQ,EQ,buy,FALSE,22,918.7,247454,1.00E+15,2023-10-03T09:19:56
COROMANDEL,INE169A01031,03-10-2023,NSE,EQ,EQ,buy,FALSE,17,1148,247466,1.00E+15,2023-10-03T09:19:56
ESABINDIA,INE284A01012,03-10-2023,NSE,EQ,EQ,buy,FALSE,1,5112.15,20352827,1.10E+15,2023-10-03T09:19:56
ESABINDIA,INE284A01012,03-10-2023,NSE,EQ,EQ,buy,FALSE,3,5112.25,20352828,1.10E+15,2023-10-03T09:19:56
RATNAMANI,INE703B01027,03-10-2023,NSE,EQ,EQ,buy,FALSE,5,2573.95,60398695,1.30E+15,2023-10-03T09:19:56
RATNAMANI,INE703B01027,03-10-2023,NSE,EQ,EQ,buy,FALSE,1,2574.45,60398697,1.30E+15,2023-10-03T09:19:56
TATAINVEST,INE672A01018,03-10-2023,NSE,EQ,EQ,buy,FALSE,6,3207.3,60398780,1.30E+15,2023-10-03T09:19:56
TITAN,INE280A01028,03-10-2023,NSE,EQ,EQ,buy,FALSE,6,3128.75,60398874,1.30E+15,2023-10-03T09:19:56
TORNTPOWER,INE813H01021,03-10-2023,NSE,EQ,EQ,buy,FALSE,4,736,60398934,1.30E+15,2023-10-03T09:19:57
NIFTYBEES,INF204KB14I2,03-10-2023,NSE,EQ,EQ,buy,FALSE,5,215.58,40343045,1.20E+15,2023-10-03T09:19:57
VBL,INE200M01021,03-10-2023,NSE,EQ,EQ,buy,FALSE,22,920.35,60398986,1.30E+15,2023-10-03T09:19:57
TORNTPOWER,INE813H01021,03-10-2023,NSE,EQ,EQ,buy,FALSE,1,736.4,60398938,1.30E+15,2023-10-03T09:19:57
TORNTPOWER,INE813H01021,03-10-2023,NSE,EQ,EQ,buy,FALSE,8,736.35,60398937,1.30E+15,2023-10-03T09:19:57
TORNTPOWER,INE813H01021,03-10-2023,NSE,EQ,EQ,buy,FALSE,2,736.05,60398936,1.30E+15,2023-10-03T09:19:57
TORNTPOWER,INE813H01021,03-10-2023,NSE,EQ,EQ,buy,FALSE,12,736,60398935,1.30E+15,2023-10-03T09:19:57
BHARTIARTL,INE397D01024,03-10-2023,NSE,EQ,EQ,buy,FALSE,22,918.65,258289,1.00E+15,2023-10-03T09:20:16
ESABINDIA,INE284A01012,03-10-2023,NSE,EQ,EQ,buy,FALSE,1,5111.95,20368637,1.10E+15,2023-10-03T09:20:16
ESABINDIA,INE284A01012,03-10-2023,NSE,EQ,EQ,buy,FALSE,1,5111.95,20368636,1.10E+15,2023-10-03T09:20:16
ESABINDIA,INE284A01012,03-10-2023,NSE,EQ,EQ,buy,FALSE,1,5111.9,20368635,1.10E+15,2023-10-03T09:20:16
ESABINDIA,INE284A01012,03-10-2023,NSE,EQ,EQ,buy,FALSE,1,5110.6,20368634,1.10E+15,2023-10-03T09:20:16
COROMANDEL,INE169A01031,03-10-2023,NSE,EQ,EQ,buy,FALSE,17,1148,258364,1.00E+15,2023-10-03T09:20:16
TATAINVEST,INE672A01018,03-10-2023,NSE,EQ,EQ,buy,FALSE,1,3211,60415570,1.30E+15,2023-10-03T09:20:17
TITAN,INE280A01028,03-10-2023,NSE,EQ,EQ,buy,FALSE,2,3133.55,60415603,1.30E+15,2023-10-03T09:20:17
TITAN,INE280A01028,03-10-2023,NSE,EQ,EQ,buy,FALSE,4,3133.55,60415604,1.30E+15,2023-10-03T09:20:17
TORNTPOWER,INE813H01021,03-10-2023,NSE,EQ,EQ,buy,FALSE,24,736.05,60415629,1.30E+15,2023-10-03T09:20:17
TORNTPOWER,INE813H01021,03-10-2023,NSE,EQ,EQ,buy,FALSE,3,736.05,60415630,1.30E+15,2023-10-03T09:20:17
RATNAMANI,INE703B01027,03-10-2023,NSE,EQ,EQ,buy,FALSE,1,2571.3,60415543,1.30E+15,2023-10-03T09:20:17
RATNAMANI,INE703B01027,03-10-2023,NSE,EQ,EQ,buy,FALSE,2,2571.95,60415544,1.30E+15,2023-10-03T09:20:17
RATNAMANI,INE703B01027,03-10-2023,NSE,EQ,EQ,buy,FALSE,1,2572.1,60415545,1.30E+15,2023-10-03T09:20:17
RATNAMANI,INE703B01027,03-10-2023,NSE,EQ,EQ,buy,FALSE,2,2572.25,60415546,1.30E+15,2023-10-03T09:20:17
RATNAMANI,INE703B01027,03-10-2023,NSE,EQ,EQ,buy,FALSE,1,2572.5,60415547,1.30E+15,2023-10-03T09:20:17
RATNAMANI,INE703B01027,03-10-2023,NSE,EQ,EQ,buy,FALSE,1,2572.55,60415548,1.30E+15,2023-10-03T09:20:17
TATAINVEST,INE672A01018,03-10-2023,NSE,EQ,EQ,buy,FALSE,5,3211.1,60415571,1.30E+15,2023-10-03T09:20:17
NIFTYBEES,INF204KB14I2,03-10-2023,NSE,EQ,EQ,buy,FALSE,5,215.58,40359306,1.20E+15,2023-10-03T09:20:17
VBL,INE200M01021,03-10-2023,NSE,EQ,EQ,buy,FALSE,22,923.35,60415651,1.30E+15,2023-10-03T09:20:17
ESABINDIA,INE284A01012,03-10-2023,NSE,EQ,EQ,buy,FALSE,1,5112,20380350,1.10E+15,2023-10-03T09:20:31
ESABINDIA,INE284A01012,03-10-2023,NSE,EQ,EQ,buy,FALSE,1,5112,20380351,1.10E+15,2023-10-03T09:20:31
COROMANDEL,INE169A01031,03-10-2023,NSE,EQ,EQ,buy,FALSE,8,1147.95,267458,1.00E+15,2023-10-03T09:20:31
COROMANDEL,INE169A01031,03-10-2023,NSE,EQ,EQ,buy,FALSE,9,1147.95,267457,1.00E+15,2023-10-03T09:20:31
BHARTIARTL,INE397D01024,03-10-2023,NSE,EQ,EQ,buy,FALSE,21,918.7,267399,1.00E+15,2023-10-03T09:20:31
BHARTIARTL,INE397D01024,03-10-2023,NSE,EQ,EQ,buy,FALSE,1,918.65,267398,1.00E+15,2023-10-03T09:20:31
ESABINDIA,INE284A01012,03-10-2023,NSE,EQ,EQ,buy,FALSE,1,5109.85,20380348,1.10E+15,2023-10-03T09:20:31
ESABINDIA,INE284A01012,03-10-2023,NSE,EQ,EQ,buy,FALSE,1,5111.95,20380349,1.10E+15,2023-10-03T09:20:31
NIFTYBEES,INF204KB14I2,03-10-2023,NSE,EQ,EQ,buy,FALSE,5,215.58,40373160,1.20E+15,2023-10-03T09:20:32
TITAN,INE280A01028,03-10-2023,NSE,EQ,EQ,buy,FALSE,6,3130.8,60428984,1.30E+15,2023-10-03T09:20:32
RATNAMANI,INE703B01027,03-10-2023,NSE,EQ,EQ,buy,FALSE,8,2573.05,60428774,1.30E+15,2023-10-03T09:20:32
TATAINVEST,INE672A01018,03-10-2023,NSE,EQ,EQ,buy,FALSE,6,3214.95,60428915,1.30E+15,2023-10-03T09:20:32
TORNTPOWER,INE813H01021,03-10-2023,NSE,EQ,EQ,buy,FALSE,22,734,60429040,1.30E+15,2023-10-03T09:20:32
TORNTPOWER,INE813H01021,03-10-2023,NSE,EQ,EQ,buy,FALSE,1,734,60429041,1.30E+15,2023-10-03T09:20:32
TORNTPOWER,INE813H01021,03-10-2023,NSE,EQ,EQ,buy,FALSE,4,734,60429042,1.30E+15,2023-10-03T09:20:32
VBL,INE200M01021,03-10-2023,NSE,EQ,EQ,buy,FALSE,6,924.6,60429094,1.30E+15,2023-10-03T09:20:32
VBL,INE200M01021,03-10-2023,NSE,EQ,EQ,buy,FALSE,1,924.6,60429095,1.30E+15,2023-10-03T09:20:32
VBL,INE200M01021,03-10-2023,NSE,EQ,EQ,buy,FALSE,15,924.6,60429096,1.30E+15,2023-10-03T09:20:32
VBL,INE200M01021,03-10-2023,NSE,EQ,EQ,buy,FALSE,17,924.45,60434078,1.30E+15,2023-10-03T09:20:38
TORNTPOWER,INE813H01021,03-10-2023,NSE,EQ,EQ,buy,FALSE,3,734,60434035,1.30E+15,2023-10-03T09:20:38
TORNTPOWER,INE813H01021,03-10-2023,NSE,EQ,EQ,buy,FALSE,24,733.95,60434034,1.30E+15,2023-10-03T09:20:38
RATNAMANI,INE703B01027,03-10-2023,NSE,EQ,EQ,buy,FALSE,5,2576.9,60433822,1.30E+15,2023-10-03T09:20:38
TATAINVEST,INE672A01018,03-10-2023,NSE,EQ,EQ,buy,FALSE,6,3214.85,60433858,1.30E+15,2023-10-03T09:20:38
RATNAMANI,INE703B01027,03-10-2023,NSE,EQ,EQ,buy,FALSE,1,2576.9,60433821,1.30E+15,2023-10-03T09:20:38
RATNAMANI,INE703B01027,03-10-2023,NSE,EQ,EQ,buy,FALSE,2,2576.85,60433820,1.30E+15,2023-10-03T09:20:38
TITAN,INE280A01028,03-10-2023,NSE,EQ,EQ,buy,FALSE,6,3132.5,60434002,1.30E+15,2023-10-03T09:20:38
VBL,INE200M01021,03-10-2023,NSE,EQ,EQ,buy,FALSE,5,924.5,60434079,1.30E+15,2023-10-03T09:20:38
NIFTYBEES,INF204KB14I2,03-10-2023,NSE,EQ,EQ,buy,FALSE,5,215.58,40378089,1.20E+15,2023-10-03T09:20:38
ESABINDIA,INE284A01012,03-10-2023,NSE,EQ,EQ,buy,FALSE,1,5113.15,20385338,1.10E+15,2023-10-03T09:20:38
ESABINDIA,INE284A01012,03-10-2023,NSE,EQ,EQ,buy,FALSE,1,5113.35,20385339,1.10E+15,2023-10-03T09:20:38
COROMANDEL,INE169A01031,03-10-2023,NSE,EQ,EQ,buy,FALSE,17,1148,271203,1.00E+15,2023-10-03T09:20:38
ESABINDIA,INE284A01012,03-10-2023,NSE,EQ,EQ,buy,FALSE,1,5113.35,20385341,1.10E+15,2023-10-03T09:20:38
BHARTIARTL,INE397D01024,03-10-2023,NSE,EQ,EQ,buy,FALSE,22,918.7,271186,1.00E+15,2023-10-03T09:20:38
ESABINDIA,INE284A01012,03-10-2023,NSE,EQ,EQ,buy,FALSE,1,5113.35,20385340,1.10E+15,2023-10-03T09:20:38
SCHAEFFLER,INE513A01022,06-11-2023,NSE,EQ,EQ,sell,FALSE,1,2782.95,60904896,1.30E+15,2023-11-06T09:42:00
TIINDIA,INE974X01010,06-11-2023,NSE,EQ,EQ,sell,FALSE,7,3206.95,60904907,1.30E+15,2023-11-06T09:42:00
TIINDIA,INE974X01010,06-11-2023,NSE,EQ,EQ,sell,FALSE,3,3207,60904906,1.30E+15,2023-11-06T09:42:00
TIINDIA,INE974X01010,06-11-2023,NSE,EQ,EQ,sell,FALSE,1,3207,60904905,1.30E+15,2023-11-06T09:42:00
TIINDIA,INE974X01010,06-11-2023,NSE,EQ,EQ,sell,FALSE,1,3207,60904904,1.30E+15,2023-11-06T09:42:00
TIINDIA,INE974X01010,06-11-2023,NSE,EQ,EQ,sell,FALSE,4,3207,60904903,1.30E+15,2023-11-06T09:42:00
SCHAEFFLER,INE513A01022,06-11-2023,NSE,EQ,EQ,sell,FALSE,2,2782.95,60904898,1.30E+15,2023-11-06T09:42:00
SCHAEFFLER,INE513A01022,06-11-2023,NSE,EQ,EQ,sell,FALSE,1,2782.95,60904897,1.30E+15,2023-11-06T09:42:00
SCHAEFFLER,INE513A01022,06-11-2023,NSE,EQ,EQ,sell,FALSE,1,2782.95,60904895,1.30E+15,2023-11-06T09:42:00
SCHAEFFLER,INE513A01022,06-11-2023,NSE,EQ,EQ,sell,FALSE,3,2783,60904894,1.30E+15,2023-11-06T09:42:00
SCHAEFFLER,INE513A01022,06-11-2023,NSE,EQ,EQ,sell,FALSE,4,2783,60904893,1.30E+15,2023-11-06T09:42:00
SCHAEFFLER,INE513A01022,06-11-2023,NSE,EQ,EQ,sell,FALSE,2,2783,60904892,1.30E+15,2023-11-06T09:42:00
SCHAEFFLER,INE513A01022,06-11-2023,NSE,EQ,EQ,sell,FALSE,2,2783,60904891,1.30E+15,2023-11-06T09:42:00
SCHAEFFLER,INE513A01022,06-11-2023,NSE,EQ,EQ,sell,FALSE,2,2783,60904890,1.30E+15,2023-11-06T09:42:00
MAXHEALTH,INE027H01010,06-11-2023,NSE,EQ,EQ,sell,FALSE,87,572.4,40927860,1.20E+15,2023-11-06T09:42:00
KPITTECH,INE04I401011,06-11-2023,NSE,EQ,EQ,sell,FALSE,39,1254.8,40927845,1.20E+15,2023-11-06T09:42:00
KPITTECH,INE04I401011,06-11-2023,NSE,EQ,EQ,sell,FALSE,1,1254.8,40927844,1.20E+15,2023-11-06T09:42:00
HAL,INE066F01020,06-11-2023,NSE,EQ,EQ,sell,FALSE,26,1924.1,20922889,1.10E+15,2023-11-06T09:42:00
APOLLOHOSP,INE437A01024,06-11-2023,NSE,EQ,EQ,sell,FALSE,10,5198,771865,1.00E+15,2023-11-06T09:42:00
SOLARINDS,INE343H01029,06-11-2023,NSE,EQ,EQ,buy,FALSE,1,5642.75,60915740,1.30E+15,2023-11-06T09:42:32
SOLARINDS,INE343H01029,06-11-2023,NSE,EQ,EQ,buy,FALSE,1,5642.15,60915737,1.30E+15,2023-11-06T09:42:32
POWERGRID,INE752E01010,06-11-2023,NSE,EQ,EQ,buy,FALSE,87,205.9,40939684,1.20E+15,2023-11-06T09:42:32
POWERGRID,INE752E01010,06-11-2023,NSE,EQ,EQ,buy,FALSE,83,205.85,40939683,1.20E+15,2023-11-06T09:42:32
SOLARINDS,INE343H01029,06-11-2023,NSE,EQ,EQ,buy,FALSE,1,5642.15,60915738,1.30E+15,2023-11-06T09:42:32
SOLARINDS,INE343H01029,06-11-2023,NSE,EQ,EQ,buy,FALSE,1,5642.2,60915739,1.30E+15,2023-11-06T09:42:32
FACT,INE188A01015,06-11-2023,NSE,EQ,EQ,buy,FALSE,5,728.7,20935014,1.10E+15,2023-11-06T09:42:32
FACT,INE188A01015,06-11-2023,NSE,EQ,EQ,buy,FALSE,37,728.7,20935013,1.10E+15,2023-11-06T09:42:32
FACT,INE188A01015,06-11-2023,NSE,EQ,EQ,buy,FALSE,27,728.7,20935012,1.10E+15,2023-11-06T09:42:32
ESABINDIA,INE284A01012,06-11-2023,NSE,EQ,EQ,buy,FALSE,1,6153.85,20934964,1.10E+15,2023-11-06T09:42:32
ESABINDIA,INE284A01012,06-11-2023,NSE,EQ,EQ,buy,FALSE,2,6153,20934963,1.10E+15,2023-11-06T09:42:32
ESABINDIA,INE284A01012,06-11-2023,NSE,EQ,EQ,buy,FALSE,5,6150,20934962,1.10E+15,2023-11-06T09:42:32
AGI,INE415A01038,06-11-2023,NSE,EQ,EQ,buy,FALSE,19,990.9,20934902,1.10E+15,2023-11-06T09:42:32
AGI,INE415A01038,06-11-2023,NSE,EQ,EQ,buy,FALSE,14,990.85,20934901,1.10E+15,2023-11-06T09:42:32
AGI,INE415A01038,06-11-2023,NSE,EQ,EQ,buy,FALSE,11,990.85,20934900,1.10E+15,2023-11-06T09:42:32
AGI,INE415A01038,06-11-2023,NSE,EQ,EQ,buy,FALSE,8,990.85,20934899,1.10E+15,2023-11-06T09:42:32
TIPSINDLTD,INE716B01029,06-11-2023,NSE,EQ,EQ,buy,FALSE,141,353.05,60915765,1.30E+15,2023-11-06T09:42:32
VBL,INE200M01021,06-11-2023,NSE,EQ,EQ,buy,FALSE,52,960.15,60915768,1.30E+15,2023-11-06T09:42:32
POWERGRID,INE752E01010,06-11-2023,NSE,EQ,EQ,buy,FALSE,19,205.9,40939685,1.20E+15,2023-11-06T09:42:32
POWERGRID,INE752E01010,06-11-2023,NSE,EQ,EQ,buy,FALSE,18,205.9,40939686,1.20E+15,2023-11-06T09:42:32
POWERGRID,INE752E01010,06-11-2023,NSE,EQ,EQ,buy,FALSE,38,205.9,40939687,1.20E+15,2023-11-06T09:42:32
PERSISTENT,INE262H01013,06-11-2023,NSE,EQ,EQ,buy,FALSE,4,6341,40939704,1.20E+15,2023-11-06T09:42:32
NIFTYBEES,INF204KB14I2,06-11-2023,NSE,EQ,EQ,buy,FALSE,4,213.95,40939755,1.20E+15,2023-11-06T09:42:32
NIFTYBEES,INF204KB14I2,06-11-2023,NSE,EQ,EQ,buy,FALSE,9,213.95,40939756,1.20E+15,2023-11-06T09:42:32
NIFTYBEES,INF204KB14I2,06-11-2023,NSE,EQ,EQ,buy,FALSE,10,213.95,40939757,1.20E+15,2023-11-06T09:42:32
AGI,INE415A01038,06-11-2023,NSE,EQ,EQ,buy,FALSE,2,990.7,20945797,1.10E+15,2023-11-06T09:42:59
AGI,INE415A01038,06-11-2023,NSE,EQ,EQ,buy,FALSE,21,990.4,20945796,1.10E+15,2023-11-06T09:42:59
AGI,INE415A01038,06-11-2023,NSE,EQ,EQ,buy,FALSE,9,990.35,20945795,1.10E+15,2023-11-06T09:42:59
AGI,INE415A01038,06-11-2023,NSE,EQ,EQ,buy,FALSE,17,989.85,20945794,1.10E+15,2023-11-06T09:42:59
AGI,INE415A01038,06-11-2023,NSE,EQ,EQ,buy,FALSE,3,990.75,20945798,1.10E+15,2023-11-06T09:42:59
POWERGRID,INE752E01010,06-11-2023,NSE,EQ,EQ,buy,FALSE,87,205.95,40949395,1.20E+15,2023-11-06T09:43:00
ESABINDIA,INE284A01012,06-11-2023,NSE,EQ,EQ,buy,FALSE,1,6152.8,20945844,1.10E+15,2023-11-06T09:43:00
ESABINDIA,INE284A01012,06-11-2023,NSE,EQ,EQ,buy,FALSE,1,6153.8,20945845,1.10E+15,2023-11-06T09:43:00
ESABINDIA,INE284A01012,06-11-2023,NSE,EQ,EQ,buy,FALSE,6,6153.9,20945846,1.10E+15,2023-11-06T09:43:00
FACT,INE188A01015,06-11-2023,NSE,EQ,EQ,buy,FALSE,30,728.7,20945874,1.10E+15,2023-11-06T09:43:00
FACT,INE188A01015,06-11-2023,NSE,EQ,EQ,buy,FALSE,18,728.7,20945875,1.10E+15,2023-11-06T09:43:00
FACT,INE188A01015,06-11-2023,NSE,EQ,EQ,buy,FALSE,2,729.05,20945876,1.10E+15,2023-11-06T09:43:00
FACT,INE188A01015,06-11-2023,NSE,EQ,EQ,buy,FALSE,19,729.1,20945877,1.10E+15,2023-11-06T09:43:00
POWERGRID,INE752E01010,06-11-2023,NSE,EQ,EQ,buy,FALSE,141,205.95,40949393,1.20E+15,2023-11-06T09:43:00
POWERGRID,INE752E01010,06-11-2023,NSE,EQ,EQ,buy,FALSE,17,205.95,40949394,1.20E+15,2023-11-06T09:43:00
PERSISTENT,INE262H01013,06-11-2023,NSE,EQ,EQ,buy,FALSE,4,6340,40949417,1.20E+15,2023-11-06T09:43:00
NIFTYBEES,INF204KB14I2,06-11-2023,NSE,EQ,EQ,buy,FALSE,23,213.92,40949472,1.20E+15,2023-11-06T09:43:00
SOLARINDS,INE343H01029,06-11-2023,NSE,EQ,EQ,buy,FALSE,2,5641.75,60924493,1.30E+15,2023-11-06T09:43:00
SOLARINDS,INE343H01029,06-11-2023,NSE,EQ,EQ,buy,FALSE,1,5642,60924494,1.30E+15,2023-11-06T09:43:00
SOLARINDS,INE343H01029,06-11-2023,NSE,EQ,EQ,buy,FALSE,1,5642.95,60924495,1.30E+15,2023-11-06T09:43:00
TIPSINDLTD,INE716B01029,06-11-2023,NSE,EQ,EQ,buy,FALSE,10,353.8,60924513,1.30E+15,2023-11-06T09:43:00
TIPSINDLTD,INE716B01029,06-11-2023,NSE,EQ,EQ,buy,FALSE,1,353.9,60924514,1.30E+15,2023-11-06T09:43:00
TIPSINDLTD,INE716B01029,06-11-2023,NSE,EQ,EQ,buy,FALSE,7,353.9,60924515,1.30E+15,2023-11-06T09:43:00
TIPSINDLTD,INE716B01029,06-11-2023,NSE,EQ,EQ,buy,FALSE,4,353.9,60924516,1.30E+15,2023-11-06T09:43:00
TIPSINDLTD,INE716B01029,06-11-2023,NSE,EQ,EQ,buy,FALSE,6,353.9,60924517,1.30E+15,2023-11-06T09:43:00
TIPSINDLTD,INE716B01029,06-11-2023,NSE,EQ,EQ,buy,FALSE,2,353.95,60924518,1.30E+15,2023-11-06T09:43:00
TIPSINDLTD,INE716B01029,06-11-2023,NSE,EQ,EQ,buy,FALSE,20,353.95,60924519,1.30E+15,2023-11-06T09:43:00
TIPSINDLTD,INE716B01029,06-11-2023,NSE,EQ,EQ,buy,FALSE,8,353.95,60924520,1.30E+15,2023-11-06T09:43:00
TIPSINDLTD,INE716B01029,06-11-2023,NSE,EQ,EQ,buy,FALSE,2,353.95,60924521,1.30E+15,2023-11-06T09:43:00
TIPSINDLTD,INE716B01029,06-11-2023,NSE,EQ,EQ,buy,FALSE,20,353.95,60924522,1.30E+15,2023-11-06T09:43:00
TIPSINDLTD,INE716B01029,06-11-2023,NSE,EQ,EQ,buy,FALSE,2,353.95,60924523,1.30E+15,2023-11-06T09:43:00
TIPSINDLTD,INE716B01029,06-11-2023,NSE,EQ,EQ,buy,FALSE,20,353.95,60924524,1.30E+15,2023-11-06T09:43:00
TIPSINDLTD,INE716B01029,06-11-2023,NSE,EQ,EQ,buy,FALSE,2,353.95,60924525,1.30E+15,2023-11-06T09:43:00
TIPSINDLTD,INE716B01029,06-11-2023,NSE,EQ,EQ,buy,FALSE,20,353.95,60924526,1.30E+15,2023-11-06T09:43:00
TIPSINDLTD,INE716B01029,06-11-2023,NSE,EQ,EQ,buy,FALSE,2,353.95,60924527,1.30E+15,2023-11-06T09:43:00
TIPSINDLTD,INE716B01029,06-11-2023,NSE,EQ,EQ,buy,FALSE,1,353.95,60924528,1.30E+15,2023-11-06T09:43:00
TIPSINDLTD,INE716B01029,06-11-2023,NSE,EQ,EQ,buy,FALSE,6,353.95,60924529,1.30E+15,2023-11-06T09:43:00
TIPSINDLTD,INE716B01029,06-11-2023,NSE,EQ,EQ,buy,FALSE,8,354,60924530,1.30E+15,2023-11-06T09:43:00
VBL,INE200M01021,06-11-2023,NSE,EQ,EQ,buy,FALSE,52,960.5,60924548,1.30E+15,2023-11-06T09:43:00
ESABINDIA,INE284A01012,06-11-2023,NSE,EQ,EQ,buy,FALSE,1,6145,20971953,1.10E+15,2023-11-06T09:44:11
SOLARINDS,INE343H01029,06-11-2023,BSE,EQ,A,buy,FALSE,1,5655,615600,1.70E+18,2023-11-06T09:44:30
VBL,INE200M01021,06-11-2023,NSE,EQ,EQ,buy,FALSE,1,960.5,60956359,1.30E+15,2023-11-06T09:44:47
NIFTYBEES,INF204KB14I2,06-11-2023,NSE,EQ,EQ,buy,FALSE,1,213.85,40989841,1.20E+15,2023-11-06T09:45:02
APOLLOHOSP,INE437A01024,04-12-2023,NSE,EQ,EQ,sell,FALSE,8,5626.75,3876877,1.00E+15,2023-12-04T11:23:40
HAL,INE066F01020,04-12-2023,NSE,EQ,EQ,sell,FALSE,19,2493.2,24231881,1.10E+15,2023-12-04T11:23:40
APOLLOHOSP,INE437A01024,04-12-2023,NSE,EQ,EQ,sell,FALSE,1,5626.7,3876878,1.00E+15,2023-12-04T11:23:40
HAL,INE066F01020,04-12-2023,NSE,EQ,EQ,sell,FALSE,1,2493.45,24231880,1.10E+15,2023-12-04T11:23:40
MAXHEALTH,INE027H01010,04-12-2023,NSE,EQ,EQ,sell,FALSE,5,660.05,43609779,1.20E+15,2023-12-04T11:23:41
KPITTECH,INE04I401011,04-12-2023,NSE,EQ,EQ,sell,FALSE,34,1499,43609597,1.20E+15,2023-12-04T11:23:41
MAXHEALTH,INE027H01010,04-12-2023,NSE,EQ,EQ,sell,FALSE,1,660.05,43609778,1.20E+15,2023-12-04T11:23:41
MAXHEALTH,INE027H01010,04-12-2023,NSE,EQ,EQ,sell,FALSE,23,660.05,43609780,1.20E+15,2023-12-04T11:23:41
MAXHEALTH,INE027H01010,04-12-2023,NSE,EQ,EQ,sell,FALSE,21,660.05,43609781,1.20E+15,2023-12-04T11:23:41
MAXHEALTH,INE027H01010,04-12-2023,NSE,EQ,EQ,sell,FALSE,27,660,43609782,1.20E+15,2023-12-04T11:23:41
SCHAEFFLER,INE513A01022,04-12-2023,NSE,EQ,EQ,sell,FALSE,2,2900.8,63770793,1.30E+15,2023-12-04T11:23:42
SCHAEFFLER,INE513A01022,04-12-2023,NSE,EQ,EQ,sell,FALSE,4,2900.9,63770791,1.30E+15,2023-12-04T11:23:42
TIINDIA,INE974X01010,04-12-2023,NSE,EQ,EQ,sell,FALSE,1,3264,63770890,1.30E+15,2023-12-04T11:23:42
TIINDIA,INE974X01010,04-12-2023,NSE,EQ,EQ,sell,FALSE,1,3264,63770891,1.30E+15,2023-12-04T11:23:42
TIINDIA,INE974X01010,04-12-2023,NSE,EQ,EQ,sell,FALSE,5,3263.45,63770892,1.30E+15,2023-12-04T11:23:42
SCHAEFFLER,INE513A01022,04-12-2023,NSE,EQ,EQ,sell,FALSE,6,2900.35,63770797,1.30E+15,2023-12-04T11:23:42
SCHAEFFLER,INE513A01022,04-12-2023,NSE,EQ,EQ,sell,FALSE,2,2900.4,63770796,1.30E+15,2023-12-04T11:23:42
PERSISTENT,INE262H01013,04-12-2023,NSE,EQ,EQ,sell,FALSE,1,6441.5,43610193,1.20E+15,2023-12-04T11:23:42
PERSISTENT,INE262H01013,04-12-2023,NSE,EQ,EQ,sell,FALSE,3,6439.7,43610194,1.20E+15,2023-12-04T11:23:42
PERSISTENT,INE262H01013,04-12-2023,NSE,EQ,EQ,sell,FALSE,1,6439.7,43610195,1.20E+15,2023-12-04T11:23:42
PERSISTENT,INE262H01013,04-12-2023,NSE,EQ,EQ,sell,FALSE,3,6439.65,43610196,1.20E+15,2023-12-04T11:23:42
TIINDIA,INE974X01010,04-12-2023,NSE,EQ,EQ,sell,FALSE,1,3263.2,63770893,1.30E+15,2023-12-04T11:23:42
TIINDIA,INE974X01010,04-12-2023,NSE,EQ,EQ,sell,FALSE,2,3263,63770894,1.30E+15,2023-12-04T11:23:42
TIINDIA,INE974X01010,04-12-2023,NSE,EQ,EQ,sell,FALSE,5,3263,63770895,1.30E+15,2023-12-04T11:23:42
SCHAEFFLER,INE513A01022,04-12-2023,NSE,EQ,EQ,sell,FALSE,1,2900.85,63770792,1.30E+15,2023-12-04T11:23:42
SCHAEFFLER,INE513A01022,04-12-2023,NSE,EQ,EQ,sell,FALSE,1,2900.45,63770795,1.30E+15,2023-12-04T11:23:42
SCHAEFFLER,INE513A01022,04-12-2023,NSE,EQ,EQ,sell,FALSE,1,2900.65,63770794,1.30E+15,2023-12-04T11:23:42
SOLARINDS,INE343H01029,04-12-2023,NSE,EQ,EQ,sell,FALSE,8,6060,63771136,1.30E+15,2023-12-04T11:23:43
AGI,INE415A01038,04-12-2023,NSE,EQ,EQ,buy,FALSE,53,942.15,24235670,1.10E+15,2023-12-04T11:23:54
TIPSINDLTD,INE716B01029,04-12-2023,NSE,EQ,EQ,buy,FALSE,16,362.4,63775169,1.30E+15,2023-12-04T11:23:54
TIPSINDLTD,INE716B01029,04-12-2023,NSE,EQ,EQ,buy,FALSE,2,362.4,63775168,1.30E+15,2023-12-04T11:23:54
TIPSINDLTD,INE716B01029,04-12-2023,NSE,EQ,EQ,buy,FALSE,1,362.4,63775167,1.30E+15,2023-12-04T11:23:54
TIPSINDLTD,INE716B01029,04-12-2023,NSE,EQ,EQ,buy,FALSE,20,362.4,63775166,1.30E+15,2023-12-04T11:23:54
TIPSINDLTD,INE716B01029,04-12-2023,NSE,EQ,EQ,buy,FALSE,18,362.4,63775165,1.30E+15,2023-12-04T11:23:54
TIPSINDLTD,INE716B01029,04-12-2023,NSE,EQ,EQ,buy,FALSE,20,362.4,63775164,1.30E+15,2023-12-04T11:23:54
TIPSINDLTD,INE716B01029,04-12-2023,NSE,EQ,EQ,buy,FALSE,37,362.4,63775163,1.30E+15,2023-12-04T11:23:54
TIPSINDLTD,INE716B01029,04-12-2023,NSE,EQ,EQ,buy,FALSE,2,362.4,63775162,1.30E+15,2023-12-04T11:23:54
TIPSINDLTD,INE716B01029,04-12-2023,NSE,EQ,EQ,buy,FALSE,5,362.4,63775161,1.30E+15,2023-12-04T11:23:54
TIPSINDLTD,INE716B01029,04-12-2023,NSE,EQ,EQ,buy,FALSE,18,362.4,63775160,1.30E+15,2023-12-04T11:23:54
LINDEINDIA,INE473A01011,04-12-2023,NSE,EQ,EQ,buy,FALSE,3,5885.4,43614829,1.20E+15,2023-12-04T11:23:55
LINDEINDIA,INE473A01011,04-12-2023,NSE,EQ,EQ,buy,FALSE,6,5885.4,43614828,1.20E+15,2023-12-04T11:23:55
NIFTYBEES,INF204KB14I2,04-12-2023,NSE,EQ,EQ,buy,FALSE,22,227.15,43614693,1.20E+15,2023-12-04T11:23:55
RATNAMANI,INE703B01027,04-12-2023,NSE,EQ,EQ,buy,FALSE,13,3838,63775817,1.30E+15,2023-12-04T11:23:56
PDSL,INE111Q01021,04-12-2023,NSE,EQ,EQ,buy,FALSE,4,561.25,43614978,1.20E+15,2023-12-04T11:23:56
TORNTPOWER,INE813H01021,04-12-2023,NSE,EQ,EQ,buy,FALSE,23,969.25,63775904,1.30E+15,2023-12-04T11:23:56
TORNTPOWER,INE813H01021,04-12-2023,NSE,EQ,EQ,buy,FALSE,24,969.2,63775903,1.30E+15,2023-12-04T11:23:56
TORNTPOWER,INE813H01021,04-12-2023,NSE,EQ,EQ,buy,FALSE,5,969.2,63775902,1.30E+15,2023-12-04T11:23:56
PDSL,INE111Q01021,04-12-2023,NSE,EQ,EQ,buy,FALSE,12,561.25,43614984,1.20E+15,2023-12-04T11:23:56
PDSL,INE111Q01021,04-12-2023,NSE,EQ,EQ,buy,FALSE,1,561.25,43614985,1.20E+15,2023-12-04T11:23:56
PDSL,INE111Q01021,04-12-2023,NSE,EQ,EQ,buy,FALSE,12,561.25,43614986,1.20E+15,2023-12-04T11:23:56
PDSL,INE111Q01021,04-12-2023,NSE,EQ,EQ,buy,FALSE,1,561.25,43614987,1.20E+15,2023-12-04T11:23:56
PDSL,INE111Q01021,04-12-2023,NSE,EQ,EQ,buy,FALSE,12,561.25,43614988,1.20E+15,2023-12-04T11:23:56
PDSL,INE111Q01021,04-12-2023,NSE,EQ,EQ,buy,FALSE,1,561.25,43614989,1.20E+15,2023-12-04T11:23:56
PDSL,INE111Q01021,04-12-2023,NSE,EQ,EQ,buy,FALSE,26,561.25,43614990,1.20E+15,2023-12-04T11:23:56
PDSL,INE111Q01021,04-12-2023,NSE,EQ,EQ,buy,FALSE,1,561.25,43614983,1.20E+15,2023-12-04T11:23:56
PDSL,INE111Q01021,04-12-2023,NSE,EQ,EQ,buy,FALSE,12,561.25,43614981,1.20E+15,2023-12-04T11:23:56
PDSL,INE111Q01021,04-12-2023,NSE,EQ,EQ,buy,FALSE,2,561.25,43614982,1.20E+15,2023-12-04T11:23:56
PDSL,INE111Q01021,04-12-2023,NSE,EQ,EQ,buy,FALSE,1,561.25,43614980,1.20E+15,2023-12-04T11:23:56
PDSL,INE111Q01021,04-12-2023,NSE,EQ,EQ,buy,FALSE,2,561.25,43614979,1.20E+15,2023-12-04T11:23:56
CERA,INE739E01017,04-12-2023,NSE,EQ,EQ,buy,FALSE,1,8604.8,3881171,1.00E+15,2023-12-04T11:23:57
JSL,INE220G01021,04-12-2023,NSE,EQ,EQ,buy,FALSE,1,525.8,43615268,1.20E+15,2023-12-04T11:23:57
JSL,INE220G01021,04-12-2023,NSE,EQ,EQ,buy,FALSE,5,525.7,43615267,1.20E+15,2023-12-04T11:23:57
JSL,INE220G01021,04-12-2023,NSE,EQ,EQ,buy,FALSE,64,525.65,43615266,1.20E+15,2023-12-04T11:23:57
JSL,INE220G01021,04-12-2023,NSE,EQ,EQ,buy,FALSE,26,525.65,43615265,1.20E+15,2023-12-04T11:23:57
CERA,INE739E01017,04-12-2023,NSE,EQ,EQ,buy,FALSE,1,8609.05,3881175,1.00E+15,2023-12-04T11:23:57
CERA,INE739E01017,04-12-2023,NSE,EQ,EQ,buy,FALSE,2,8604.9,3881174,1.00E+15,2023-12-04T11:23:57
CERA,INE739E01017,04-12-2023,NSE,EQ,EQ,buy,FALSE,1,8604.85,3881173,1.00E+15,2023-12-04T11:23:57
CERA,INE739E01017,04-12-2023,NSE,EQ,EQ,buy,FALSE,1,8604.85,3881172,1.00E+15,2023-12-04T11:23:57
AGI,INE415A01038,04-12-2023,NSE,EQ,EQ,buy,FALSE,12,942.3,24244464,1.10E+15,2023-12-04T11:24:24
AGI,INE415A01038,04-12-2023,NSE,EQ,EQ,buy,FALSE,2,942.3,24244463,1.10E+15,2023-12-04T11:24:24
AGI,INE415A01038,04-12-2023,NSE,EQ,EQ,buy,FALSE,12,942.3,24244462,1.10E+15,2023-12-04T11:24:24
AGI,INE415A01038,04-12-2023,NSE,EQ,EQ,buy,FALSE,2,942.3,24244461,1.10E+15,2023-12-04T11:24:24
AGI,INE415A01038,04-12-2023,NSE,EQ,EQ,buy,FALSE,12,942.3,24244460,1.10E+15,2023-12-04T11:24:24
AGI,INE415A01038,04-12-2023,NSE,EQ,EQ,buy,FALSE,11,942.3,24244466,1.10E+15,2023-12-04T11:24:24
AGI,INE415A01038,04-12-2023,NSE,EQ,EQ,buy,FALSE,2,942.3,24244465,1.10E+15,2023-12-04T11:24:24
TIPSINDLTD,INE716B01029,04-12-2023,NSE,EQ,EQ,buy,FALSE,1,362.35,63783979,1.30E+15,2023-12-04T11:24:25
TIPSINDLTD,INE716B01029,04-12-2023,NSE,EQ,EQ,buy,FALSE,1,362.35,63783978,1.30E+15,2023-12-04T11:24:25
TIPSINDLTD,INE716B01029,04-12-2023,NSE,EQ,EQ,buy,FALSE,2,362.35,63783977,1.30E+15,2023-12-04T11:24:25
TIPSINDLTD,INE716B01029,04-12-2023,NSE,EQ,EQ,buy,FALSE,1,362.35,63783976,1.30E+15,2023-12-04T11:24:25
TIPSINDLTD,INE716B01029,04-12-2023,NSE,EQ,EQ,buy,FALSE,2,362.35,63783975,1.30E+15,2023-12-04T11:24:25
TIPSINDLTD,INE716B01029,04-12-2023,NSE,EQ,EQ,buy,FALSE,2,362.35,63783974,1.30E+15,2023-12-04T11:24:25
TIPSINDLTD,INE716B01029,04-12-2023,NSE,EQ,EQ,buy,FALSE,1,362.35,63783973,1.30E+15,2023-12-04T11:24:25
TIPSINDLTD,INE716B01029,04-12-2023,NSE,EQ,EQ,buy,FALSE,2,362.35,63783972,1.30E+15,2023-12-04T11:24:25
TIPSINDLTD,INE716B01029,04-12-2023,NSE,EQ,EQ,buy,FALSE,2,362.35,63783971,1.30E+15,2023-12-04T11:24:25
TIPSINDLTD,INE716B01029,04-12-2023,NSE,EQ,EQ,buy,FALSE,1,362.35,63783970,1.30E+15,2023-12-04T11:24:25
TIPSINDLTD,INE716B01029,04-12-2023,NSE,EQ,EQ,buy,FALSE,2,362.35,63783969,1.30E+15,2023-12-04T11:24:25
TIPSINDLTD,INE716B01029,04-12-2023,NSE,EQ,EQ,buy,FALSE,2,362.35,63783968,1.30E+15,2023-12-04T11:24:25
TIPSINDLTD,INE716B01029,04-12-2023,NSE,EQ,EQ,buy,FALSE,18,362.35,63783967,1.30E+15,2023-12-04T11:24:25
TIPSINDLTD,INE716B01029,04-12-2023,NSE,EQ,EQ,buy,FALSE,1,362.35,63783966,1.30E+15,2023-12-04T11:24:25
TIPSINDLTD,INE716B01029,04-12-2023,NSE,EQ,EQ,buy,FALSE,2,362.35,63783965,1.30E+15,2023-12-04T11:24:25
TIPSINDLTD,INE716B01029,04-12-2023,NSE,EQ,EQ,buy,FALSE,2,362.35,63783964,1.30E+15,2023-12-04T11:24:25
TIPSINDLTD,INE716B01029,04-12-2023,NSE,EQ,EQ,buy,FALSE,18,362.35,63783963,1.30E+15,2023-12-04T11:24:25
TIPSINDLTD,INE716B01029,04-12-2023,NSE,EQ,EQ,buy,FALSE,1,362.35,63783961,1.30E+15,2023-12-04T11:24:25
TIPSINDLTD,INE716B01029,04-12-2023,NSE,EQ,EQ,buy,FALSE,24,362.35,63783962,1.30E+15,2023-12-04T11:24:25
TIPSINDLTD,INE716B01029,04-12-2023,NSE,EQ,EQ,buy,FALSE,2,362.35,63783960,1.30E+15,2023-12-04T11:24:25
NIFTYBEES,INF204KB14I2,04-12-2023,NSE,EQ,EQ,buy,FALSE,22,227.08,43623287,1.20E+15,2023-12-04T11:24:25
TIPSINDLTD,INE716B01029,04-12-2023,NSE,EQ,EQ,buy,FALSE,10,362.35,63783980,1.30E+15,2023-12-04T11:24:25
TIPSINDLTD,INE716B01029,04-12-2023,NSE,EQ,EQ,buy,FALSE,6,362.4,63783981,1.30E+15,2023-12-04T11:24:25
TIPSINDLTD,INE716B01029,04-12-2023,NSE,EQ,EQ,buy,FALSE,24,362.3,63783959,1.30E+15,2023-12-04T11:24:25
TIPSINDLTD,INE716B01029,04-12-2023,NSE,EQ,EQ,buy,FALSE,12,362.3,63783958,1.30E+15,2023-12-04T11:24:25
PDSL,INE111Q01021,04-12-2023,NSE,EQ,EQ,buy,FALSE,58,561.25,43623465,1.20E+15,2023-12-04T11:24:26
PDSL,INE111Q01021,04-12-2023,NSE,EQ,EQ,buy,FALSE,5,561.25,43623464,1.20E+15,2023-12-04T11:24:26
PDSL,INE111Q01021,04-12-2023,NSE,EQ,EQ,buy,FALSE,19,561.25,43623463,1.20E+15,2023-12-04T11:24:26
PDSL,INE111Q01021,04-12-2023,NSE,EQ,EQ,buy,FALSE,5,561.25,43623462,1.20E+15,2023-12-04T11:24:26
LINDEINDIA,INE473A01011,04-12-2023,NSE,EQ,EQ,buy,FALSE,1,5885.5,43623403,1.20E+15,2023-12-04T11:24:26
LINDEINDIA,INE473A01011,04-12-2023,NSE,EQ,EQ,buy,FALSE,1,5885.5,43623402,1.20E+15,2023-12-04T11:24:26
LINDEINDIA,INE473A01011,04-12-2023,NSE,EQ,EQ,buy,FALSE,1,5885.5,43623401,1.20E+15,2023-12-04T11:24:26
LINDEINDIA,INE473A01011,04-12-2023,NSE,EQ,EQ,buy,FALSE,1,5885.5,43623400,1.20E+15,2023-12-04T11:24:26
LINDEINDIA,INE473A01011,04-12-2023,NSE,EQ,EQ,buy,FALSE,5,5885.4,43623399,1.20E+15,2023-12-04T11:24:26
RATNAMANI,INE703B01027,04-12-2023,NSE,EQ,EQ,buy,FALSE,13,3837.7,63784379,1.30E+15,2023-12-04T11:24:26
TORNTPOWER,INE813H01021,04-12-2023,NSE,EQ,EQ,buy,FALSE,4,969.95,63784475,1.30E+15,2023-12-04T11:24:27
TORNTPOWER,INE813H01021,04-12-2023,NSE,EQ,EQ,buy,FALSE,48,969.9,63784474,1.30E+15,2023-12-04T11:24:27
JSL,INE220G01021,04-12-2023,NSE,EQ,EQ,buy,FALSE,7,525.85,43623729,1.20E+15,2023-12-04T11:24:27
JSL,INE220G01021,04-12-2023,NSE,EQ,EQ,buy,FALSE,26,525.8,43623728,1.20E+15,2023-12-04T11:24:27
JSL,INE220G01021,04-12-2023,NSE,EQ,EQ,buy,FALSE,63,525.65,43623727,1.20E+15,2023-12-04T11:24:27
CERA,INE739E01017,04-12-2023,NSE,EQ,EQ,buy,FALSE,1,8609.9,3888840,1.00E+15,2023-12-04T11:24:28
CERA,INE739E01017,04-12-2023,NSE,EQ,EQ,buy,FALSE,1,8609.2,3888835,1.00E+15,2023-12-04T11:24:28
CERA,INE739E01017,04-12-2023,NSE,EQ,EQ,buy,FALSE,1,8609.85,3888839,1.00E+15,2023-12-04T11:24:28
CERA,INE739E01017,04-12-2023,NSE,EQ,EQ,buy,FALSE,1,8609.8,3888838,1.00E+15,2023-12-04T11:24:28
CERA,INE739E01017,04-12-2023,NSE,EQ,EQ,buy,FALSE,1,8609.2,3888836,1.00E+15,2023-12-04T11:24:28
CERA,INE739E01017,04-12-2023,NSE,EQ,EQ,buy,FALSE,1,8609.5,3888837,1.00E+15,2023-12-04T11:24:28
